date,.(58.29),08(114.207),123(114.207),124트(4yearraymond),98만원짜리짜장면(soup5915),Chaos121_DC(drank0487),KURO2134(closely7894),S세이부L(union8297),Zyair(zyair),dd(virtue7440),genTheShy(multiple5059),umier12(umier122),あいす(tide3552),ㅁㅁ(eastern3976),ㅇㅇ(117.111),ㅇㅇ(118.235),ㅇㅇ(121.150),ㅇㅇ(175.210),ㅇㅇ(211.112),ㅇㅇ(223.39),ㅇㅇ(223.62),ㅇㅇ(46.250),ㅇㅇ(9xn74bdx2kkq),ㅇㅇ(acquaint9942),ㅇㅇ(army4717),ㅇㅇ(causal6190),ㅇㅇ(force2002),ㅇㅇ(knee6359),ㅇㅇ(layer2050),ㅇㅇ(memorize7892),ㅇㅇ(memory5045),ㅇㅇ(push9789),ㅇㅇ(utensil0519),ㅇㅇ(vacuum5018),ㅇㅇ(welfare4744),ㅇㅇ(witness0110),ㅍㅍ(abandon6164),강상수(berry2973),구룡산심마니(marmaladejam),구르미(fulfil6907),꿈나무묘목(nursing3118),낭랑(stare3435),네아니요(express8171),늘코얌(choice3849),디시콘용(dull6000),띠기모앙(dare0564),띠기모앙(elephant1144),리타(read2352),리틀륨(then1868),메우메우기여어(devouring),모루깡(sample9825),물화(band8115),바냐카와이(solo7430),백슬기(childrend),베성(125.179),병신들(115.138),병의필두(tape9842),뷁뷃(dbdlrkgkak0),사마엘(persist0331),사밀릴(aboard9495),생지(223.39),세상을속여라(later3744),셰리쨩귀여워사랑해잘했어대단해천재야♡(scissor9857),시넌(hear0379),십갤러(223.39),십붕이(106.101),십붕이(223.39),아겐티아(agentia),아이악스(smile0176),알아서할게(nephew5054),알치(young9889),야브갤러(116.39),언리멤버블(later3591),오칠십일(fiveseveneleven),우럭아왜우럭(cure7713),유빈_(rain9810),유휘08(impose0871),이 나라의 주인(125.138),이채린(decline1551),이하정(combat9616),일라이자겨드랑이헌터(wheel5016),일편단신(accept8487),자냥_(glasses5244),절대형태장갑괴뢰얼티밋궁극메카마루0호기(autumn8450),젖냥이(horn6249),젖냥이(ninth0446),좆냥이(announce7549),챠니이(widely9722),처음고(kr4pmdlx1csd),천마(teacher5871),청끝(most5689),청록.(crazypeach),포테토(182.228),표독한녀(judge3793),하규(avoid9977),한강물온도알림이(hathat1616)
2026-05-24,0.0,0.0,0.0,2.0,0.0,0.0,2.0,0.0,0.0,1.0,0.0,0.0,7.0,0.0,0.0,0.0,0.0,1.0,0.0,0.0,0.0,0.0,0.0,9.0,0.0,0.0,0.0,0.0,0.0,0.0,0.0,0.0,0.0,0.0,0.0,0.0,8.0,0.0,0.0,0.0,9.0,0.0,0.0,0.0,0.0,0.0,5.0,7.0,1.0,2.0,0.0,4.0,0.0,0.0,0.0,0.0,0.0,0.0,0.0,0.0,1.0,0.0,2.0,0.0,0.0,5.0,1.0,12.0,0.0,0.0,0.0,0.0,0.0,4.0,0.0,0.0,0.0,0.0,0.0,7.0,0.0,0.0,0.0,0.0,0.0,0.0,1.0,0.0,0.0,0.0,0.0,2.0,0.0,0.0,0.0,0.0
2026-05-25,0.0,0.0,0.0,4.0,0.0,0.0,4.0,0.0,0.0,1.0,0.0,0.0,37.0,0.0,0.0,0.0,0.0,2.0,0.0,1.0,0.0,0.0,1.0,40.0,0.0,0.0,0.0,0.0,0.0,0.0,2.0,0.0,0.0,0.0,0.0,1.0,24.0,0.0,0.0,1.0,15.0,0.0,6.0,0.0,0.0,5.0,5.0,20.0,7.0,2.0,0.0,6.0,0.0,0.0,0.0,0.0,0.0,7.0,0.0,11.0,1.0,0.0,18.0,0.0,0.0,19.0,1.0,19.0,0.0,0.0,0.0,1.0,0.0,24.0,0.0,1.0,0.0,0.0,0.0,27.0,0.0,0.0,0.0,2.0,0.0,0.0,7.0,2.0,2.0,1.0,0.0,2.0,0.0,0.0,0.0,0.0
2026-05-26,0.0,0.0,0.0,11.0,2.0,0.0,6.0,0.0,0.0,1.0,1.0,0.0,102.0,0.0,0.0,0.0,0.0,2.0,0.0,1.0,0.0,0.0,4.0,66.0,0.0,0.0,1.0,0.0,1.0,0.0,2.0,0.0,0.0,0.0,0.0,1.0,42.0,15.0,15.0,1.0,25.0,0.0,6.0,0.0,0.0,38.0,5.0,44.0,50.0,3.0,1.0,6.0,0.0,0.0,0.0,1.0,0.0,8.0,0.0,12.0,1.0,0.0,25.0,0.0,0.0,19.0,1.0,27.0,0.0,0.0,0.0,1.0,0.0,62.0,1.0,1.0,0.0,0.0,0.0,68.0,0.0,0.0,0.0,2.0,0.0,0.0,38.0,2.0,2.0,9.0,0.0,5.0,0.0,0.0,0.0,0.0
2026-05-27,0.0,0.0,1.0,13.0,2.0,0.0,10.0,0.0,0.0,1.0,1.0,1.0,125.0,1.0,0.0,2.0,0.0,2.0,0.0,1.0,1.0,1.0,4.0,89.0,0.0,1.0,1.0,0.0,1.0,0.0,2.0,0.0,1.0,0.0,1.0,1.0,53.0,16.0,19.0,1.0,35.0,0.0,6.0,0.0,0.0,49.0,5.0,49.0,55.0,3.0,1.0,6.0,0.0,0.0,0.0,1.0,0.0,8.0,0.0,12.0,1.0,0.0,42.0,0.0,1.0,19.0,1.0,62.0,1.0,0.0,0.0,1.0,0.0,82.0,2.0,3.0,0.0,0.0,0.0,71.0,0.0,0.0,1.0,2.0,0.0,0.0,39.0,2.0,2.0,16.0,1.0,5.0,0.0,0.0,0.0,0.0
2026-05-28,1.0,0.0,1.0,15.0,5.0,0.0,11.0,0.0,0.0,2.0,2.0,1.0,170.0,1.0,0.0,2.0,0.0,2.0,0.0,1.0,1.0,1.0,7.0,104.0,1.0,1.0,1.0,14.0,1.0,1.0,2.0,0.0,1.0,1.0,1.0,1.0,74.0,17.0,26.0,1.0,40.0,2.0,6.0,1.0,0.0,54.0,5.0,54.0,64.0,3.0,5.0,6.0,0.0,1.0,0.0,1.0,0.0,8.0,1.0,12.0,1.0,0.0,51.0,0.0,1.0,19.0,1.0,68.0,1.0,0.0,1.0,1.0,0.0,106.0,2.0,4.0,0.0,0.0,0.0,120.0,0.0,1.0,1.0,3.0,0.0,0.0,40.0,2.0,2.0,16.0,2.0,5.0,0.0,0.0,0.0,0.0
2026-05-29,1.0,0.0,1.0,16.0,6.0,1.0,14.0,0.0,0.0,5.0,2.0,1.0,190.0,1.0,0.0,2.0,0.0,2.0,0.0,1.0,1.0,1.0,7.0,120.0,1.0,1.0,1.0,14.0,1.0,1.0,2.0,0.0,1.0,1.0,1.0,1.0,92.0,17.0,27.0,1.0,40.0,2.0,6.0,1.0,6.0,64.0,5.0,57.0,64.0,3.0,6.0,6.0,2.0,1.0,0.0,1.0,0.0,8.0,1.0,14.0,1.0,0.0,70.0,0.0,1.0,19.0,1.0,81.0,1.0,0.0,1.0,1.0,1.0,114.0,2.0,4.0,0.0,0.0,0.0,122.0,0.0,1.0,2.0,4.0,0.0,0.0,40.0,2.0,2.0,16.0,3.0,5.0,0.0,0.0,0.0,0.0
2026-05-30,1.0,0.0,1.0,18.0,6.0,3.0,22.0,0.0,1.0,5.0,2.0,1.0,217.0,1.0,0.0,2.0,0.0,2.0,0.0,1.0,1.0,1.0,8.0,142.0,1.0,1.0,1.0,14.0,3.0,1.0,2.0,0.0,1.0,1.0,1.0,1.0,107.0,17.0,28.0,1.0,40.0,2.0,6.0,1.0,6.0,80.0,5.0,64.0,69.0,3.0,6.0,6.0,2.0,1.0,0.0,1.0,0.0,8.0,1.0,19.0,1.0,0.0,102.0,0.0,1.0,19.0,1.0,100.0,1.0,2.0,1.0,1.0,1.0,125.0,4.0,5.0,1.0,0.0,0.0,139.0,0.0,1.0,2.0,4.0,1.0,1.0,47.0,2.0,2.0,16.0,5.0,5.0,0.0,0.0,2.0,0.0
2026-05-31,1.0,1.0,1.0,18.0,6.0,3.0,37.0,0.0,1.0,9.0,2.0,1.0,261.0,1.0,2.0,2.0,1.0,2.0,1.0,1.0,1.0,1.0,10.0,162.0,1.0,1.0,1.0,14.0,3.0,1.0,3.0,1.0,1.0,1.0,1.0,1.0,120.0,17.0,28.0,1.0,40.0,3.0,6.0,2.0,6.0,84.0,5.0,72.0,84.0,3.0,7.0,6.0,2.0,1.0,1.0,1.0,6.0,8.0,1.0,35.0,1.0,0.0,136.0,1.0,1.0,19.0,1.0,137.0,2.0,2.0,1.0,1.0,1.0,154.0,4.0,15.0,1.0,1.0,4.0,150.0,1.0,1.0,2.0,4.0,1.0,1.0,51.0,2.0,2.0,22.0,5.0,7.0,1.0,4.0,2.0,2.0
2026-06-01,1.0,1.0,1.0,18.0,6.0,3.0,39.0,6.0,1.0,10.0,2.0,1.0,307.0,1.0,2.0,2.0,1.0,2.0,1.0,1.0,1.0,1.0,14.0,166.0,1.0,1.0,1.0,14.0,3.0,1.0,3.0,1.0,1.0,1.0,1.0,1.0,131.0,17.0,29.0,1.0,40.0,3.0,6.0,2.0,8.0,85.0,5.0,75.0,84.0,3.0,8.0,6.0,2.0,1.0,1.0,1.0,7.0,8.0,1.0,46.0,1.0,31.0,136.0,1.0,1.0,19.0,1.0,138.0,2.0,2.0,1.0,1.0,1.0,174.0,4.0,18.0,1.0,1.0,4.0,160.0,1.0,1.0,2.0,4.0,1.0,1.0,51.0,2.0,2.0,22.0,5.0,7.0,1.0,4.0,9.0,2.0
