이름,ID/IP,글,조회수,추천,리플,댓글,가중값
야스행새쾌속,seoul2000,1333,190859,1396,5235,8313,2242.82
고졸오하이오농촌백인,kyrstensinema,853,160121,1816,1994,1454,739.4
ㅇㅇ(asset9086),asset9086,850,244993,3546,2252,1107,675.26
Ashige_good,isedolwak,684,207867,2604,3108,1681,685.62
ㅇㅇ(barrier9511),barrier9511,651,112752,1214,1580,182,397.32
영단어봇,fish7677,617,105069,1169,1566,655,463.42
ㅇㅇ(narcose),narcose,426,74838,746,546,247,283.02
포만한,dgeu1532,397,139420,1752,1220,1,222.5
ㅇㅇ(overflow0625),overflow0625,376,49867,348,668,385,279.86
ちはや,nuclprog,366,63410,681,1272,597,312.42
천공명,seonbe,364,42232,197,1280,516,296.72
미니기기,lueecwypjg5v,360,46633,354,1659,1626,494.28
219.249,rarely8349,355,62906,464,2432,2261,605.78
라플라스쇼콜라,cactus3333,350,60031,465,1355,1180,408.4
심기체처녀감별사,apollotic,347,37071,105,689,429,271.54
감코카키,wwg1113,325,56821,472,921,1082,376.76
녹슨드럼통,coinrailgun,287,30044,117,535,672,281.68
반디공주님사랑해요,mikaxx,279,80340,870,986,523,250.38
희망22,girondin,264,90208,1002,1086,1016,330.72
zass,9qv9vn76lx1s,263,39135,87,719,1133,351.22
푸린커비,badaparang76,263,40647,419,1142,663,266.62
ㅇㅇ(photo3535),photo3535,248,35932,209,775,319,196.3
Katarina,inning0311,245,33717,226,637,1257,363.46
ㅇㅇ(hunting5313),hunting5313,238,21085,110,264,206,170.36
물냉면비빔냉면,boastful7370,222,49385,503,434,65,136.02
이회창,youcando6974,213,93044,1316,874,109,138.9
마아아아앙,sweater1226,202,34078,279,444,209,150.74
전)민정당원박지원,neighbor8814,198,36953,438,521,359,175.5
Imperishable,nostalgie38,197,46066,679,597,674,231.64
fasdd,fasdacre,196,27426,263,585,213,148.1
이시바오,clear8999,189,22029,165,402,1405,358.74
티파티의미카,rescar,189,35488,310,1107,761,242.82
인과율,silverchain0,187,32930,267,508,590,210.92
ㅇㅇ(59.19),59.19,183,22400,146,398,0,102.48
Conservative,6hxul5gn7ql8,176,39817,433,627,1793,421.3
스트라차텔라,grab1547,174,38624,280,494,356,161.52
ㅇㅇ(snake3523),snake3523,172,22163,173,284,268,144.56
ㅇㅇ(t0a6csx53v7m),t0a6csx53v7m,170,24634,240,515,775,234.7
ㅇㅇ(morning0771),morning0771,164,25708,240,166,37,98.5
ㅇㅇ(noisy7113),noisy7113,158,20030,164,311,238,131.32
르세라핌_김채원,myself5703,157,24230,224,258,186,121.4
ㅇㅇ(58.231),58.231,157,16461,68,229,0,87.92
보자주의자,astonish2490,156,28087,173,350,376,155.04
범어동아눕아락,sensible5108,155,24470,352,310,140,112.0
ㅇㅇ(control9132),control9132,151,18782,183,258,163,113.9
김네다,scbbngyj,150,16384,88,405,100,102.0
ㅇㅇ(beast9159),beast9159,144,18310,75,285,28,85.68
ㅇㅇ(1.235),1.235,142,37073,280,419,0,79.52
라파헤,rafaje,142,68435,917,1449,815,226.22
권용기,well7450,140,27924,310,443,406,151.48
ㄴㅇ.ㅇㄱ,groom4553,139,14688,110,251,125,100.34
그린빈,and0100,136,17383,104,200,229,117.38
ㅇㅇ(tube7872),tube7872,133,30503,159,475,177,106.34
생쥐밥,todwnlqkq4,132,16466,95,821,835,224.22
ㅇㅇ(210.91),210.91,132,14255,26,301,0,73.92
ㅇㅇ(downtown8469),downtown8469,131,20542,194,288,229,114.58
유승민지지자아님,eche2020,129,20091,330,225,221,112.02
대대대,took7283,127,13019,64,229,304,125.84
ㅇㅇ(behalf4875),behalf4875,127,18854,103,269,425,147.62
ㅇㅇ(warmly8388),warmly8388,123,12730,22,342,147,95.34
귀귀또또,poooootic,116,27547,352,316,237,107.62
ㅇㅇ(chili5013),chili5013,116,13580,95,182,72,77.92
Hatsune_무지카,spam8504,113,17499,271,312,296,116.56
scifi,skwndowk123,113,14688,106,184,133,87.22
ㅇㅇ(format3366),format3366,111,18407,87,223,131,85.74
ㅇㅇ(major6991),major6991,108,15014,190,110,99,78.3
ㅇㅇ(211.177),211.177,108,17854,123,270,0,60.48
호메선열,delay6919,107,12128,34,316,127,82.78
릴리슈슈1004,richard031004,107,13963,43,275,437,138.58
ㅇㅇ(118.221),118.221,107,10422,23,181,0,59.92
장못,khh632,106,25613,348,183,232,101.12
형호수,bean8695,104,21159,356,281,207,95.5
인썸니아42피어난트웨니글릿,jhs20040308,101,10980,46,294,231,98.14
임계원자로,question300,101,31844,461,762,599,164.38
ㅇㅇ(175.199),175.199,101,15909,79,253,0,56.56
ㅇㅇ(mask2637),mask2637,99,14786,22,307,68,67.68
스마트폰2024,myeongban1222222,99,13346,70,148,2,55.8
ㅇㅇ(61.101),61.101,96,11790,51,326,0,53.76
보수당,pghplo8753,94,18563,213,429,722,182.6
린드블럼,thrill2758,93,9460,25,180,70,64.68
배아죽,bokdea1234,92,23570,298,219,22,55.48
덕수옹,deogsuong,91,15882,121,272,145,77.06
디첩,koreabosu,91,15183,242,161,65,62.66
ㅇㅇ(identity4940),identity4940,90,14165,107,160,185,83.7
ㅇㅇ(1.234),1.234,88,12263,50,163,0,49.28
ㅇㅇ(222.235),222.235,88,16923,138,207,0,49.28
ㅇㅇ(dq72m6xu),dq72m6xu,84,10536,109,126,108,66.48
ㅇㅇ(210.94),210.94,84,12250,114,268,0,47.04
ㅇㅇ(scan4378),scan4378,83,12390,89,242,335,106.78
크로켓,zmfhzpt2580,81,19214,167,544,639,160.38
ㅇㅇ(queen5020),queen5020,80,7567,33,115,295,97.9
ㅇㅇ(61.76),61.76,79,8878,21,224,0,44.24
반야월맨이야,troy0309,79,9328,62,158,701,170.42
대머리인도인,virtue0875,78,11066,91,111,59,54.3
ㅇㅇ(14.35),14.35,78,9782,64,147,0,43.68
ㅇㅇ(58.227),58.227,76,10398,74,178,0,42.56
ㅇㅇ(59.30),59.30,76,9235,42,231,0,42.56
이런용도고닉,integrality,76,8198,40,257,134,66.68
ㅇㅇ(crop1957),crop1957,75,24689,322,294,70,54.6
ㅇㅇ(sobrave),sobrave,75,10612,109,110,30,47.4
ㅇㅇ(124.57),124.57,75,6353,7,136,0,42.0
ㅇㅇ(dual9959),dual9959,74,10019,75,121,28,46.48
ㅇㅇ(110.8),110.8,74,7969,59,195,0,41.44
ㅇㅇ(221.148),221.148,74,10220,75,256,0,41.44
ㅇㅇ(pebble6313),pebble6313,73,10798,24,122,31,46.46
액화천연가스,lng1990,73,6199,13,180,514,133.4
Swag.,lu3246,72,14462,87,300,118,61.56
군갤용계정,suburb8512,72,6800,55,114,49,49.14
ㅇㅇ(218.39),218.39,71,10497,73,217,0,39.76
ㅇㅇ(175.192),175.192,68,5209,25,83,0,38.08
개혁보수의꿈은이뤄진다,someone4051,67,5619,24,126,59,48.14
ㅇㅇ(counsel3598),counsel3598,67,12663,198,208,273,86.66
Crux,tenth5564,66,6727,45,63,291,89.34
호시노단,strength8696,66,7611,50,170,251,82.14
폿포,poppo0211,65,7423,24,155,167,66.46
미조구치,musical2823,64,7925,33,123,87,51.5
ㅇㅇ(49.168),49.168,64,11749,107,134,0,35.84
ㅇㅇ(inform4098),inform4098,63,23663,284,181,6,36.36
ㅇㅇ(mechanic9039),mechanic9039,63,8227,63,141,67,47.34
그리웁니다,achieve7889,62,6804,28,114,273,83.86
ㅇㅇ(mount9446),mount9446,60,12740,109,191,276,83.28
ㅇㅇ(1.229),1.229,59,6674,33,101,0,33.04
ㅇㅇ(211.106),211.106,59,5693,22,146,0,33.04
ㅇㅇ(183.109),183.109,59,6816,13,88,0,33.04
ㅇㅇ(att82),att82,59,9335,70,182,200,69.04
캬루룽단또단또,better8395,58,20373,263,276,443,112.22
모스크바의밤,moskva1991,58,45508,973,335,360,97.28
ㅇㅇ(221.158),221.158,56,7338,30,115,0,31.36
바른,disaster0321,55,8250,52,125,121,52.58
문캠놈(222.103),222.103,55,7627,39,265,0,30.8
업무용계정,workingaccount,54,90580,1388,810,125,52.74
ㅇㅇ(124.195),124.195,54,5117,43,57,0,30.24
오버히트,rude6507,54,5807,9,83,65,41.94
펄스멍,bite7499,53,15681,346,319,655,147.58
ㅇㅇ(125.142),125.142,53,8044,25,137,0,29.68
ㅇㅇ(human7827),human7827,53,5173,48,53,319,87.1
미하일최고,choiks11,53,9249,66,161,76,43.36
ㅇㅇ(abort8774),abort8774,51,8367,76,53,8,30.0
ㅇㅇ(121.133),121.133,50,6708,56,112,0,28.0
aozоra,climb9412,49,8723,91,159,823,175.58
ㅇㅇ(peer4816),peer4816,49,19124,232,182,9,29.06
ㅇㅇ(210.111),210.111,49,5503,13,125,0,27.44
ㅇㅇ(61.36),61.36,48,6351,48,107,0,26.88
우승희,xylikar,48,30225,462,299,404,99.6
Nicefuture,nice3157,48,6443,51,146,221,66.66
새로운정의당,myth8351,48,9489,117,250,203,63.42
ㅇㅇ(119.192),119.192,47,6933,60,77,0,26.32
ㅇㅇ(211.184),211.184,47,9355,101,108,0,26.32
ㅇㅇ(59.9),59.9,46,6235,56,108,0,25.76
ㅇㅇ(222.109),222.109,46,4243,16,47,0,25.76
ㅇㅇ(thirst9224),thirst9224,46,4626,33,85,127,48.62
jangga5831,jangga5831,46,8117,169,106,79,39.98
ㅿㅿㅿ,maybe0868,45,7924,93,231,147,51.66
사람아냐,degrade5779,45,7708,31,188,378,93.24
ㅇㅇ(mention3247),mention3247,45,3966,11,37,7,26.46
ㅇㅇ(115.88),115.88,45,6266,37,120,0,25.2
ㅇㅇ(rack4846),rack4846,44,5932,61,149,94,41.56
틀딱보수,possess7885,44,5052,45,110,308,80.08
ㅇㅇ(drug7951),drug7951,44,8890,58,78,78,38.68
ㅇㅇ(14.45),14.45,44,8185,103,81,0,24.64
코난과걸레단,hykms0411,43,4643,35,83,142,49.64
ㅇㅇ(222.114),222.114,43,5847,19,101,0,24.08
ㅇㅇ(211.182),211.182,43,4376,26,59,0,24.08
ㅇㅇ(pope9039),pope9039,43,5599,37,73,66,35.96
ㅇㅇ(118.32),118.32,43,5384,35,40,0,24.08
ㅇㅇ(lemon1476),lemon1476,43,5066,13,97,190,58.28
ㅇㅇ(58.225),58.225,43,5579,21,85,0,24.08
ㅇㅇ(network5588),network5588,42,6745,66,109,181,56.1
돼표맛상계동,5h3x3mqck8ql,42,3581,11,75,73,36.66
ㅇㅇ(tearjaemyung),tearjaemyung,42,4370,25,65,27,28.38
ㅇㅇ(niece6466),niece6466,42,3637,21,38,154,51.24
ㅇㅇ(reaction0287),reaction0287,42,7582,100,72,151,50.7
ㅇㅇ(125.188),125.188,42,3345,2,73,0,23.52
ㅇㅇ(211.112),211.112,41,5125,27,103,0,22.96
abce,evening3111,41,8722,58,96,6,24.04
ㅇㅇ(this2571),this2571,40,5760,12,187,29,27.62
ㅇㅇ(211.219),211.219,39,7935,61,151,0,21.84
ㅇㅇ(rental6585),rental6585,39,3656,5,37,11,23.82
연어참치,bind3701,39,10183,146,128,17,24.9
ㅇㅇ(homemade8448),homemade8448,38,6979,86,127,95,38.38
희망갈매기,janus2312,38,8467,110,89,113,41.62
돔베기,uavkor,37,4422,28,44,26,25.4
ㅇㅇ(portrait1113),portrait1113,37,15542,203,171,6,21.8
ㅇㅇ(parkparkwherever),parkparkwherever,36,3810,17,67,48,28.8
대벽,hugewall,36,3548,6,80,14,22.68
ㅇㅇ(116.39),116.39,36,5128,34,82,0,20.16
ㅇㅇ(hlgyhgl6prfl),hlgyhgl6prfl,36,6049,73,62,66,32.04
ㅇㅇ(58.127),58.127,36,10165,141,86,0,20.16
ㅋㅌㅊㅍ.,actual8859,36,3858,14,80,124,42.48
ㅇㅇ(125.178),125.178,36,4584,16,90,0,20.16
7%못해서,funnyissuezz,36,9543,125,245,265,67.86
ㅇㅇ(tough7801),tough7801,36,4514,15,60,13,22.5
조지월리스,dental3760,36,4920,33,111,23,24.3
ㅇㅇ(220.79),220.79,36,5029,50,103,0,20.16
버킷리스트,rhkwjdwndtlavudrk,35,3756,15,52,56,29.68
찢갈이,ssg1511,35,5862,35,95,61,30.58
ㅇㅇ(61.252),61.252,35,5259,37,84,0,19.6
hirobumi(125.187),125.187,35,5195,76,106,54,29.32
자유의첨병,error2578,34,4664,77,88,23,23.18
ㅇㅇ(61.77),61.77,34,3899,23,81,0,19.04
국제해적당,emit6560,34,6852,36,150,133,42.98
ㅇㅇ(biology1583),biology1583,34,3324,13,63,49,27.86
분석가,analyze0578,34,7809,80,317,567,121.1
200석만받으면,laptop8888,34,5105,28,96,37,25.7
ㅇㅇ(wood5769),wood5769,33,3157,12,44,728,149.52
ㅇㅇ(36.38),36.38,33,3552,22,92,0,18.48
더미래24,derive6034,33,4526,2,88,25,22.98
락스락스a,tiger123456789,32,3169,3,59,28,22.96
디시고닉전용,monmusu20,32,3808,28,54,29,23.14
ㅇㅇ(reside0912),reside0912,32,2957,16,41,266,65.8
땅콩쓰,mana101010,32,8215,132,85,57,28.18
ㅇㅇ(pole9134),pole9134,31,3690,18,74,86,32.84
검객일지,official1809,31,3152,4,39,207,54.62
ㅇㅇ(175.203),175.203,30,2617,34,48,0,16.8
ㅇㅇ(59.14),59.14,30,3681,22,56,0,16.8
ㅇㅇ(203.237),203.237,30,3289,16,56,0,16.8
ㅇㅇ(125.176),125.176,30,2595,8,44,0,16.8
ㅇㅇ(122.40),122.40,30,3973,16,79,0,16.8
바르고건전한준스톤,relieve1258,30,4140,23,63,141,42.18
갑환,sjw7733,29,7309,157,187,92,32.8
ㅇㅇ(218.48),218.48,29,3988,41,84,0,16.24
ㅇㅇ(senior9682),senior9682,29,4363,15,73,177,48.1
ㅇㅇ(14.38),14.38,29,4517,22,82,0,16.24
문캠놈(218.233),218.233,29,5561,27,96,0,16.24
ㅇㅇ(218.54),218.54,29,2844,14,74,0,16.24
후루데니파,weather9059,28,3877,15,55,49,24.5
ㅇㅇ(115.138),115.138,28,3371,27,62,0,15.68
원장선생님,elond2194,28,3988,18,44,65,27.38
아직안끝났다,cable9171,28,4774,23,87,30,21.08
푸시틴핑,qcd59vcnrpb1,28,3343,21,36,53,25.22
ㅇㅇ(4h2bls7mbl9t),4h2bls7mbl9t,28,3512,19,68,48,24.32
impossibly,r44bxocnyiyv,28,2838,2,89,26,20.36
ㅇㅇ(cheerful0695),cheerful0695,28,2298,13,46,111,35.66
ㅇㅇ(avoid6701),avoid6701,27,7430,78,82,69,27.54
ㅇㅇ(182.227),182.227,27,5356,42,222,0,15.12
ㅇㅇ(219.255),219.255,27,5659,37,56,0,15.12
골든코스트,sour8723,27,3720,30,57,20,18.72
ㅇㅇ(211.208),211.208,27,3879,31,80,0,15.12
네골,contrary1818,27,2943,2,114,9,16.74
스탠리텀블러,sample6982,26,7954,205,67,17,17.62
ㅇㅇ(reach0507),reach0507,26,5046,63,140,134,38.68
새보갤러,order7524,26,11085,209,95,27,19.42
ㅇㅇ(203.229),203.229,26,3992,12,54,0,14.56
ㅇㅇ(bdxndb6f15ne),bdxndb6f15ne,26,7976,136,53,52,23.92
여수치즈어묵,dwsin1020,26,5663,95,50,37,21.22
문화자유주의,boxer1825,26,5258,67,82,205,51.46
ㅇㅇ(helmet1833),helmet1833,26,3807,21,84,47,23.02
ㅇㅇ(arrest9792),arrest9792,25,2928,5,73,29,19.22
ㅇㅇ(educate5066),educate5066,25,3322,13,58,54,23.72
ㅇㅇ(203.247),203.247,25,2813,10,47,0,14.0
ㅇㅇ(funeral7107),funeral7107,25,3674,14,72,10,15.8
비씹덕,dreambreathe4,25,2647,12,52,77,27.86
ㅇㅇ(220.77),220.77,25,2362,10,28,0,14.0
ㅇㅇ(211.62),211.62,25,3645,14,74,0,14.0
ㅇㅇ(39.126),39.126,25,3562,8,71,0,14.0
ㅇㅇ(14.44),14.44,24,2999,14,50,0,13.44
알랑숑,6rs1hec0ko2h,24,3339,17,40,3,13.98
ㅇㅇ(joke8277),joke8277,24,2629,8,72,28,18.48
ㅇㅇ(121.144),121.144,24,2934,19,35,0,13.44
ㅇㅇ(peach0505),peach0505,24,3095,9,106,97,30.9
묘령*,warschaupakt,24,2757,2,46,40,20.64
ㅇㅇ(1.246),1.246,24,2135,6,32,0,13.44
중력부엉이,ghkfkdeo646,23,1449,3,9,30,18.28
사탕,born5216,23,3395,3,86,27,17.74
ISAF,leesj11,23,3834,47,33,106,31.96
다함께자유2,lunar6872,23,2528,13,29,55,22.78
ㅇㅇ(mine6005),mine6005,23,16117,185,95,97,30.34
ㅇㅇ(hammer2995),hammer2995,23,8902,99,115,14,15.4
ㅇㅇ(118.33),118.33,23,2467,16,38,0,12.88
ㅇㅇ(14.32),14.32,23,2981,21,63,0,12.88
ㅇㅇ(spill4057),spill4057,23,3234,36,45,28,17.92
ㅇㅇ(220.81),220.81,23,2160,9,46,0,12.88
ㅇㅇ(message0769),message0769,23,3490,25,38,30,18.28
네탓레후,alien1783,23,3184,45,131,325,71.38
ㅇㅇ(lhlhlh18),lhlhlh18,22,1646,8,14,103,30.86
ㅇㅇ(mass9507),mass9507,22,3539,29,48,36,18.8
ㅇㅇ(59.5),59.5,22,2951,23,35,0,12.32
인디라2,02su1004,22,2967,15,51,14,14.84
ㅇㅇ(1.216),1.216,22,2423,10,53,0,12.32
숀건,exceed5896,22,5676,64,64,109,31.94
ㅇㅇ(without3209),without3209,22,3316,13,59,83,27.26
ㅇㅇ(110.13),110.13,22,2586,19,33,0,12.32
ㅇㅇ(jazz0589),jazz0589,22,1970,11,45,64,23.84
문캠놈(121.182),121.182,22,4946,28,51,0,12.32
새보만평,saebomanpyeong,21,3496,73,67,150,38.76
ㅇㅇ(118.218),118.218,21,3681,8,65,0,11.76
ㅇㅇ(scale2139),scale2139,21,2350,12,42,22,15.72
득근한국밥,unkind7914,21,2947,16,88,11,13.74
울룰루,date9626,21,2815,14,23,7,13.02
ㅇㅇ(1.218),1.218,21,3392,22,84,0,11.76
ㅇㅇ(mount9704),mount9704,21,2905,17,42,19,15.18
문캠놈(211.228),211.228,21,3003,12,52,231,53.34
ㅇㅇ(decay8394),decay8394,21,2693,8,70,33,17.7
ㅇㅇ(122.34),122.34,21,3175,18,47,0,11.76
ㅇㅇ(112.149),112.149,21,3818,27,39,0,11.76
ㅇㅇ(esp191206),esp191206,20,2258,18,31,55,21.1
ㅇㅇ(123.214),123.214,20,2632,4,30,0,11.2
ㅇㅇ(218.209),218.209,20,4402,47,69,0,11.2
아케고,archaego,20,2111,3,39,59,21.82
ㅇㅇ(165.229),165.229,20,2499,7,67,0,11.2
ㅇㅇ(milk9130),milk9130,20,4431,49,30,0,11.2
ㅇㅇ(click7059),click7059,20,2278,6,38,19,14.62
ㅇㅇ(61.255),61.255,20,2911,14,67,0,11.2
Odbdv,okbuddychicanery,20,2324,8,60,48,19.84
하늅,harnub1,20,2145,8,26,30,16.6
ㅇㅇ(notebook0972),notebook0972,20,2628,10,56,15,13.9
ㅇㅇ(122.43),122.43,20,2613,14,52,0,11.2
ㅇㅇ(110.10),110.10,20,2717,16,95,0,11.2
ㅇㅇ(street9722),street9722,20,2283,12,37,35,17.5
ㅇㅇ(voyage1),voyage1,19,5024,42,58,107,29.9
ㅇㅇ(join3471),join3471,19,3194,26,63,22,14.6
순살치킨(182.31),182.31,19,2792,0,56,4,11.36
ㅇㅇ(58.29),58.29,19,2035,14,23,0,10.64
ㅇㅇ(once4084),once4084,19,2726,8,43,1,10.82
ㅇㅇ(1.241),1.241,19,3011,33,75,0,10.64
ㅇㅇ(letter3696),letter3696,19,2788,18,84,78,24.68
ㅇㅇ(121.172),121.172,19,1846,1,28,0,10.64
ㅇㅇ(112.153),112.153,19,2297,3,38,0,10.64
A1A,nmk458,19,1482,4,26,19,14.06
ㅇㅇ(121.176),121.176,19,4634,39,48,0,10.64
ㅇㅇ(210.119),210.119,19,3230,29,90,0,10.64
웃치치,ahnsy095,19,2559,12,75,34,16.76
ㅇㅇ(110.11),110.11,19,2276,3,23,0,10.64
아무도아니야,widow2736,18,1807,8,38,57,20.34
ㅇㅇ(ktstudio),ktstudio,18,1766,4,19,12,12.24
독일제국,speedworld1,18,2667,30,104,311,66.06
ㅇㅇ(121.190),121.190,18,2347,16,52,0,10.08
ㅇㅇ(125.141),125.141,18,2692,4,21,0,10.08
Highway,tryingtofindmyway,18,19351,328,157,28,15.12
ㅇㅇ(222.108),222.108,18,1532,11,18,0,10.08
ㅇㅇ(116.43),116.43,18,2506,9,53,0,10.08
ㅇㅇ(61.100),61.100,18,1775,8,32,0,10.08
유자나무,invite3rd,18,1693,18,35,86,25.56
ㅇㅇ(seem1234),seem1234,18,3266,14,35,107,29.34
ㅇㅇ(partner6357),partner6357,18,2181,26,43,84,25.2
ㅇㅇ(much0799),much0799,18,2088,16,54,37,16.74
ㅇㅇ(211.216),211.216,17,2084,9,42,0,9.52
최한규,hanger2861,17,4674,46,47,5,10.42
LoBoly,kangh1011,17,4909,56,99,37,16.18
ㅇㅇ(106.244),106.244,17,1866,5,37,0,9.52
훠훠마라탕,huohuo123,17,4294,47,95,109,29.14
ㅇㅇ(211.222),211.222,17,1923,9,17,0,9.52
ㅇㅇ(116.127),116.127,17,2561,8,30,0,9.52
ㅇㅇ(youth5044),youth5044,17,2068,9,38,38,16.36
ㅇㅇ(58.224),58.224,17,1477,3,11,0,9.52
ㅇㅇ(121.140),121.140,17,3433,38,27,0,9.52
ㅇㅇ(118.45),118.45,17,2004,3,17,0,9.52
ㅇㅇ(welcome7261),welcome7261,17,2912,48,52,40,16.72
ㅇㅇ(175.124),175.124,17,2116,26,33,0,9.52
ㅇㅇ(183.103),183.103,17,1615,1,25,0,9.52
ㅇㅇ(lean2567),lean2567,16,4708,79,30,9,10.58
ㅇㅇ(121.129),121.129,16,2314,6,24,0,8.96
ㅇㅇ(222.107),222.107,16,3389,47,54,0,8.96
ㅇㅇ(damp4851),damp4851,16,2202,2,66,11,10.94
체리푸딩,legoland1234,16,2091,20,22,87,24.62
윤석열,lucky6506,16,1751,11,12,2,9.32
ㅇㅇ(121.187),121.187,16,2949,40,35,0,8.96
ㅇㅇ(59.26),59.26,16,2671,40,27,0,8.96
ㅇㅇ(220.84),220.84,16,2238,14,41,0,8.96
ㅇㅇ(check2220),check2220,16,1602,11,29,33,14.9
ㅇㅇ(14.36),14.36,16,2446,20,27,0,8.96
ㅇㅇ(211.245),211.245,16,2592,15,37,0,8.96
ㅇㅇ(210.126),210.126,16,6364,95,51,0,8.96
DRED,pollux0505,16,1737,16,24,7,10.22
ㅇㅇ(175.193),175.193,16,1607,2,64,0,8.96
ㅇㅇ(183.104),183.104,15,2695,27,32,0,8.4
ㅇㅇ(175.120),175.120,15,2277,31,48,0,8.4
BestBoutMachine,vi7894,15,2217,6,47,293,61.14
ㅇㅇ(175.198),175.198,15,6942,103,49,0,8.4
ㅇㅇ(dongsu0029),dongsu0029,15,2945,33,46,78,22.44
ㅇㅇ(115.94),115.94,15,2653,49,30,0,8.4
ㅇㅇ(169.213),169.213,15,1700,4,50,0,8.4
ㅇㅇ(stretch3834),stretch3834,15,3412,46,21,2,8.76
ㅇㅇ(211.198),211.198,15,1667,3,47,0,8.4
ㅇㅇ(adequate5765),adequate5765,15,2865,53,20,10,10.2
ㅇㅇ(heel7894),heel7894,15,1148,4,13,42,15.96
ㅇㅇ(58.148),58.148,15,1864,3,50,0,8.4
ㅇㅇ(61.254),61.254,15,3045,19,31,0,8.4
ㅇㅇ(118.216),118.216,15,1562,4,27,0,8.4
ㅇㅇ(outdoor6883),outdoor6883,15,1832,3,62,39,15.42
ㅇㅇ(14.7),14.7,14,2831,36,32,0,7.84
ㅇㅇ(121.183),121.183,14,2055,23,30,0,7.84
ㅇㅇ(218.148),218.148,14,1686,2,19,0,7.84
ㅇㅇ(221.154),221.154,14,1961,12,58,0,7.84
ㅇㅇ(121.181),121.181,14,2072,1,31,0,7.84
ㅅㅂㄱㅇ,chick7718,14,1104,16,19,29,13.06
공화당,social5737,14,2855,26,19,32,13.6
ㅇㅇ(1.228),1.228,14,1781,6,18,0,7.84
ㅇㅇ(midterm4417),midterm4417,14,1498,7,38,21,11.62
ㅇㅇ(121.182),121.182,14,1439,0,12,0,7.84
새보계의사악한음모,public0726,14,1760,11,57,560,108.64
ㅇㅇ(175.115),175.115,14,1441,11,15,0,7.84
ㅇㅇ(awesome2292),awesome2292,14,2137,26,20,69,20.26
ㅇㅇ(211.118),211.118,14,3288,26,22,0,7.84
인코딩(211.44),211.44,14,1338,3,12,59,18.46
합전쟁,magnusthered,14,1807,5,29,72,20.8
ㅇㅇ(221.165),221.165,14,1881,3,18,0,7.84
ㅇㅇ(218.234),218.234,13,6327,74,54,0,7.28
ㅇㅇ(61.47),61.47,13,1270,4,16,0,7.28
ㅇㅇ(59.17),59.17,13,1960,12,37,0,7.28
MapPorn,namukiugi,13,8793,55,28,75,20.78
ㅇㅇ(125.181),125.181,13,1647,7,43,0,7.28
ㅇㅇ(112.172),112.172,13,1195,3,11,0,7.28
ㅇㅇ(14.37),14.37,13,1338,7,20,0,7.28
ㅇㅇ(coach3719),coach3719,13,1596,1,19,39,14.3
국적수호단,freely3411,13,2252,14,43,23,11.42
꼴마토,mmm6930,13,1333,8,9,11,9.26
ㅇㅇ(marvel3182),marvel3182,13,1308,2,21,28,12.32
ㅇㅇ(123.215),123.215,13,2122,20,40,0,7.28
ㅇㅇ(175.114),175.114,13,1063,9,9,0,7.28
칸냐,surface2013,13,1388,5,49,42,14.84
ㅇㅇ(118.43),118.43,13,2186,12,55,0,7.28
풀먹정,shout0403,13,1985,11,33,58,17.72
ㅇㅇ(218.37),218.37,13,2998,46,62,0,7.28
ㅇㅇ(119.204),119.204,13,2043,9,40,0,7.28
ㅇㅇ(outdoors4538),outdoors4538,13,1595,1,19,30,12.68
ㅇㅇ(tuna2290),tuna2290,13,1173,0,9,66,19.16
ㅇㅇ(lynx0815),lynx0815,13,1815,9,21,17,10.34
ㅇㅇ(180.66),180.66,13,1480,4,28,0,7.28
ㄹㅇ(1.235),1.235,13,1654,9,26,0,7.28
ㅇㅇ(182.220),182.220,13,1646,12,27,0,7.28
ㅇㅇ(61.42),61.42,12,1838,12,31,20362,3671.88
ㅇㅇ(218.235),218.235,12,1645,9,23,0,6.72
ㅇㅇ(218.153),218.153,12,2032,9,22,0,6.72
ㅇㅇ(211.217),211.217,12,1676,1,33,0,6.72
ㅇㅇ(115.137),115.137,12,856,5,13,0,6.72
ㅇㅇ(117.111),117.111,12,1650,8,34,0,6.72
돼지비계,00gundam00,12,1365,0,28,30,12.12
ㅇㅇ(61.74),61.74,12,2256,3,31,0,6.72
진보좌파,otto0987,12,3308,37,28,185,40.02
ㅇㅇ(bracelet2682),bracelet2682,12,2288,25,63,31,12.3
ㅇㅇ(59.16),59.16,12,1613,6,39,0,6.72
ㅇㅇ(175.197),175.197,12,2007,8,44,0,6.72
삼도수군통제사,kbk010,12,2494,29,28,18,9.96
ㅇㅇ(1.236),1.236,11,1257,2,37,0,6.16
유포터블,anchor5640,11,1549,3,34,0,6.16
ㅇㅇ(220.123),220.123,11,1273,7,28,0,6.16
자유대만,hag0318,11,1928,19,39,12,8.32
ㅇㅇ(121.136),121.136,11,1324,7,21,0,6.16
ㅇㅇ(61.72),61.72,11,1104,4,12,0,6.16
JY,starwars1,11,3569,63,42,15,8.86
ㅇㅇ(210.110),210.110,11,1225,1,19,0,6.16
ㅇㅇ(221.168),221.168,11,1833,10,38,0,6.16
포드영,evident0303,11,1470,7,29,13,8.5
ㅇㅇ(58.239),58.239,11,1533,6,35,0,6.16
올드월드블루스,dhm05035,11,1139,0,26,28,11.2
ㅇㅇ(1.242),1.242,11,1370,2,17,0,6.16
ㅇㅇ(119.199),119.199,11,1787,27,13,0,6.16
ㅇㅇ(59.187),59.187,11,1755,15,17,0,6.16
축신페리시치,oox7209,11,1007,3,18,15,8.86
삽질少年,yukiho73,11,3332,49,99,58,16.6
ㅇㅇ(stere6046),stere6046,11,1193,5,17,3,6.7
ㅇㅇ(sice243),sice243,11,979,1,12,13,8.5
ㅇㅇ(125.129),125.129,11,1241,16,10,0,6.16
ㅇㅇ(male3742),male3742,11,3310,16,28,0,6.16
ㅇㅇ(clarify3158),clarify3158,11,1363,18,11,21,9.94
민트색곰,mintcolorbear,11,1584,9,10,1,6.34
ㅇㅇ(125.242),125.242,11,2123,27,8,0,6.16
RES,res123,11,1687,1,23,31,11.74
스누이코,shout4838,11,3407,39,50,73,19.3
ㅇㅇ(pitcher0868),pitcher0868,11,1502,0,20,15,8.86
ㅇㅇ(bowling1454),bowling1454,11,1395,26,40,42,13.72
ㅇㅇ(picnic0478),picnic0478,11,1734,9,36,17,9.22
ㅇㅇ(111.91),111.91,11,1036,1,13,0,6.16
ㅇㅇ(175.112),175.112,10,1687,16,46,0,5.6
ㅇㅇ(cms926863),cms926863,10,1603,12,34,38,12.44
4045,dfl963,10,1323,10,25,0,5.6
ㅇㅇ(14.34),14.34,10,1130,3,12,0,5.6
ㅇㅇ(118.223),118.223,10,1235,2,25,0,5.6
ㅇㅇ(pleased8507),pleased8507,10,1606,5,25,9,7.22
ㅇㅇ(extra3402),extra3402,10,832,2,13,5,6.5
ㅇㅇ(apple1221),apple1221,10,1518,7,47,15,8.3
SSM700KA1,rokaf0415,10,2588,33,13,25,10.1
솔로잉,erio8238,10,1104,5,12,69,18.02
ㅇㅇ(code7919),code7919,10,1660,9,43,13,7.94
야사냐루,alueoa,10,1377,11,26,173,36.74
ㅇㅇ(211.193),211.193,10,1445,6,43,0,5.6
ㅇㅇ(218.55),218.55,10,1853,19,29,0,5.6
ㅇㅇ(14.52),14.52,10,1288,26,23,0,5.6
ㅇㅇ(1.237),1.237,10,1260,4,12,0,5.6
ㅇㅇ(o7mz3gqe4hyb),o7mz3gqe4hyb,10,1745,6,41,6,6.68
자유유권자,thirsty7073,10,1905,3,14,45,13.7
슼슼솩솩,ssc0620,10,909,6,19,26,10.28
ㅇㅇ(222.116),222.116,10,844,0,19,0,5.6
마가츠미타케나루카미노미코토,201e5w0sitrl,10,1353,8,19,57,15.86
깡계맨,accurate3329,10,1240,11,11,0,5.6
ㅇㅇ(flush7637),flush7637,10,1717,10,40,0,5.6
ㅇㅇ(222.100),222.100,10,885,2,14,0,5.6
ㅇㅇ(14.47),14.47,10,4722,48,38,0,5.6
ㅇㅇ(114.207),114.207,10,1465,10,36,0,5.6
ㅇㅇ(61.75),61.75,10,1007,0,25,0,5.6
ㅇㅇ(orient8018),orient8018,10,1040,11,27,61,16.58
ㅇㅇ(59.20),59.20,10,959,17,15,0,5.6
ㅇㅇ(182.212),182.212,9,1302,8,35,0,5.04
ㅇㅇ(injury8242),injury8242,9,1295,4,22,8,6.48
ㅇㅇ(39.119),39.119,9,744,4,2,0,5.04
ㅇㅇ(allowed5141),allowed5141,9,1807,5,26,35,11.34
ㅇㅇ(118.36),118.36,9,1645,8,27,0,5.04
ㅇㅇ(210.101),210.101,9,1864,31,37,0,5.04
ㅇㅇ(180.81),180.81,9,804,3,8,0,5.04
예연15,lovelyz94,9,1701,4,49,60,15.84
ㅇㅇ(211.241),211.241,9,1196,2,24,0,5.04
서해선일산행,xcrab07p79zd,9,1465,5,25,123,27.18
사가라,lefav,9,981,12,9,29,10.26
ㅇㅇ(210.115),210.115,9,1008,7,3,0,5.04
천개의얼굴괴룡스피노사우루스,django123,9,1061,6,17,37,11.7
ㅇㅇ(112.171),112.171,9,1201,6,13,0,5.04
ㅇㅇ(critical5292),critical5292,9,817,18,14,22,9.0
ㅇㅇ(125.240),125.240,9,889,2,14,0,5.04
ㅇㅇ(vaterland),vaterland,9,547,3,5,62,16.2
돈코츠_라멘,sentence2541,9,1042,4,39,86,20.52
ㅇㅇ(220.122),220.122,9,1358,8,15,0,5.04
기본소득특별자치도,section5650,9,832,1,21,69,17.46
craftycorn,charming5383,9,853,2,7,2,5.4
ㅇㅇ(worldclass2022),worldclass2022,9,4468,51,30,11,7.02
ㅇㅇ(114.205),114.205,9,574,1,11,0,5.04
ㅇㅇ(comb7765),comb7765,9,1957,8,17,13,7.38
ㅇㅇ(210.218),210.218,9,1280,4,23,0,5.04
ㅇㅇ(175.210),175.210,9,1034,2,18,0,5.04
ㅇㅇ(force5814),force5814,9,899,1,19,11,7.02
ㅇㅇ(abroad0232),abroad0232,9,715,0,14,10,6.84
ㅇㅇ(invent4034),invent4034,9,644,2,4,0,5.04
ㅇㅇ(bedroom1540),bedroom1540,9,629,5,8,21,8.82
ㅇㅇ(mode8006),mode8006,8,2432,27,19,32,10.24
ㅇㅇ(175.208),175.208,8,1117,10,21,0,4.48
ㅇㅇ(221.153),221.153,8,924,1,11,0,4.48
lucas,kospi3200,8,1588,25,23,9,6.1
ㅇㅇ(turn4600),turn4600,8,973,10,21,6,5.56
brokenpaper,kill2315,8,1841,34,20,77,18.34
ㅇㅇ(qwer112238),qwer112238,8,2515,49,34,2,4.84
ㅇㅇ(59.31),59.31,8,2234,26,17,0,4.48
ㅇㅇ(broth2310),broth2310,8,866,2,13,6,5.56
ㅇㅇ(overflow6298),overflow6298,8,12695,159,65,3,5.02
ㅇㅇ(112.187),112.187,8,1471,6,21,0,4.48
ㅇㅇ(decent8591),decent8591,8,933,8,23,27,9.34
ㅇㅇ(175.211),175.211,8,819,4,15,0,4.48
ㅇㅇ(175.207),175.207,8,871,0,10,0,4.48
ㅇㅇ(221.145),221.145,8,715,0,13,0,4.48
ㅇㅇ(company8909),company8909,8,2978,27,17,8,5.92
ㅇㅇ(119.197),119.197,8,728,2,17,0,4.48
ㅇㅇ(125.133),125.133,8,1474,15,16,0,4.48
ㅇㅇ(121.130),121.130,8,1244,10,18,0,4.48
ㅇㅇ(222.98),222.98,8,962,9,4,0,4.48
트레비의요정,rhehfrns,8,2066,29,49,16,7.36
경성대탈출한다,rock6666,8,859,7,16,1,4.66
ㅇㅇ(58.233),58.233,8,779,1,32,0,4.48
지구로나,clay7624,8,1341,1,31,10,6.28
ㅇㅇ(221.142),221.142,8,1163,2,17,0,4.48
ㅇㅇ(121.141),121.141,8,1640,11,69,0,4.48
ㅇㅇ(mayor1468),mayor1468,8,923,5,11,1,4.66
맹구인(1.246),1.246,8,712,2,8,0,4.48
이네구구,culture1510,8,690,0,9,102,22.84
ㅇㅇ(1.251),1.251,8,1147,10,30,0,4.48
ㅇㅇ(119.70),119.70,8,1155,6,36,0,4.48
ㅇㅇ(marinecorp),marinecorp,8,3421,64,52,6,5.56
ㅇㅇ(183.96),183.96,8,795,7,7,0,4.48
ㅇㅇ(dwell0788),dwell0788,8,3101,32,24,5,5.38
ㅇㅇ(121.175),121.175,8,1128,1,20,0,4.48
새턴3,gyuhee3021,8,2119,22,19,27,9.34
정치갤용v1,qualify0579,8,846,5,8,8,5.92
ㅇㅇ(br0300),br0300,8,1197,4,50,20,8.08
유동규,2022president,8,7231,105,52,1,4.66
ㅇㅇ(1.250),1.250,8,1216,3,29,0,4.48
ㅇㅇ(222.103),222.103,8,889,7,16,0,4.48
ㅇㅇ(124.62),124.62,8,1653,14,35,0,4.48
HAL,uh7654,8,2428,27,26,32,10.24
ㅇㅇ(118.38),118.38,8,1154,0,19,0,4.48
ㅇㅇ(121.150),121.150,8,1052,0,34,0,4.48
ㅇㅇ(219.249),219.249,8,884,3,13,0,4.48
ㅇㅇ(stone2519),stone2519,8,712,5,7,10,6.28
ㅇㅇ(silence218),silence218,8,2400,47,25,7,5.74
ㅇㅇ(pipa4581),pipa4581,8,555,2,11,24,8.8
ㅇㅇ(211.244),211.244,8,1148,5,42,0,4.48
ㅇㅇ(bias6122),bias6122,8,1064,11,21,2,4.84
ㅇㅇ(circus6431),circus6431,8,1065,7,12,4,5.2
문캠놈(59.23),59.23,8,1178,2,36,0,4.48
ㅇㅇ(although9785),although9785,7,448,2,3,63,15.26
ㅇㅇ(61.82),61.82,7,1210,4,67,0,3.92
ㅇㅇ(58.230),58.230,7,712,7,14,0,3.92
ㅇㅇ(14.39),14.39,7,833,5,11,0,3.92
ㅇㅇ(employ4527),employ4527,7,1235,4,36,8,5.36
ㅇㅇ(121.167),121.167,7,871,1,16,0,3.92
ㅇㅇ(220.87),220.87,7,2072,21,28,0,3.92
ㅇㅇ(221.152),221.152,7,1131,10,17,0,3.92
ㅇㅇ(115.143),115.143,7,883,0,19,0,3.92
ㅇㅇ(106.249),106.249,7,805,3,8,0,3.92
ㅇㅇ(14.33),14.33,7,926,12,7,0,3.92
ㅇㅇ(220.65),220.65,7,1043,0,22,0,3.92
통일민주당,hep01,7,896,1,16,21,7.7
chatgpt4o,ejrtksfl2,7,1823,21,16,15,6.62
ㅇㅇ(211.226),211.226,7,761,15,8,0,3.92
개혁보수신당,behavior5366,7,923,0,23,2,4.28
ㅇㅇ(221.146),221.146,7,687,1,11,0,3.92
보리콜라,doooooos6,7,4864,112,17,18,7.16
ㅇㅇ(121.161),121.161,7,759,7,11,0,3.92
ㅇㅇ(220.120),220.120,7,1113,19,37,0,3.92
ㅇㅇ(49.173),49.173,7,1017,3,10,0,3.92
ㅇㅇ(took8053),took8053,7,610,0,16,146,30.2
ㅇㅇ(calendar3294),calendar3294,7,1500,28,19,12,6.08
ㅇㅇ(121.134),121.134,7,883,5,21,0,3.92
ㅇㅇ(106.246),106.246,7,684,1,6,0,3.92
ㅇㅇ(goza523),goza523,7,909,0,22,6,5.0
ㅇㅇㅇ,unless7800,7,905,6,8,2,4.28
ㅇㅇㅇ(1.230),1.230,7,802,4,12,51,13.1
ㅇㅇ(mission5742),mission5742,7,562,0,27,20,7.52
ㅇㅇ(121.159),121.159,7,724,10,18,0,3.92
ㅇㅇ(115.22),115.22,7,931,8,23,0,3.92
ㅇㅇ(qkrgktlaks),qkrgktlaks,7,971,3,22,21,7.7
치즈버터구이,adapt7349,7,1458,10,27,2,4.28
ㅇㅇ(182.209),182.209,7,1063,3,16,0,3.92
두창어기안,fuel1270,7,1480,13,47,429,81.14
ㅇㅇ(goza1212),goza1212,7,983,0,18,3,4.46
ㅇㅇ(125.184),125.184,7,1128,13,5,0,3.92
ㅇㅇ(1gczvwo83n7d),1gczvwo83n7d,7,814,0,20,3,4.46
ㅇㅇ(220.121),220.121,7,691,0,7,0,3.92
ㅇㅇ(126.254),126.254,7,748,5,9,0,3.92
ㅇㅇ(110.9),110.9,7,559,2,2,0,3.92
ㅇㅇ(fastmankr),fastmankr,7,638,3,13,39,10.94
산감,announce8654,7,2449,38,34,93,20.66
김복형,buffalo6018,7,1007,11,17,4,4.64
혁신정치,innopolitic,7,971,20,20,13,6.26
ㅇㅇ(public2511),public2511,7,2507,33,19,5,4.82
ㅇㅇ(pharmacy0631),pharmacy0631,7,901,4,15,7,5.18
ㅇㅇ(114.206),114.206,7,949,10,18,0,3.92
삼대장,highway7100,7,528,5,7,18,7.16
ㅇㅇ(49.170),49.170,6,517,0,19,0,3.36
ㅇㅇ(112.185),112.185,6,468,3,6,0,3.36
ㅇㅇ(59.86),59.86,6,603,2,14,0,3.36
ㅇㅇ(121.155),121.155,6,463,2,4,0,3.36
스토아학파,ucuv3w2kxz8l,6,2111,31,14,25,7.86
ㅇㅇ(220.82),220.82,6,852,0,12,0,3.36
ㅇㅇ(221.159),221.159,6,2057,37,24,0,3.36
ㅇㅇ(183.98),183.98,6,1126,3,19,0,3.36
찢카이치,suggest8591,6,2312,49,20,1,3.54
ㅇㅇ(consume9747),consume9747,6,3034,52,12,3,3.9
ㅇㅇ(thumb1840),thumb1840,6,701,1,5,0,3.36
ㅇㅇ(topg33),topg33,6,666,4,11,6,4.44
ㅇㅇ(58.141),58.141,6,521,0,9,0,3.36
ㅇㅇ(failure2516),failure2516,6,1052,15,13,21,7.14
ㅇㅇ(testify9239),testify9239,6,397,3,1,24,7.68
ㅇㅇ(joasnosetrimmer),joasnosetrimmer,6,1852,26,38,73,16.5
ㅇㅇ(116.36),116.36,6,488,0,10,0,3.36
돔베기,shortbean1209,6,631,8,7,28,8.4
ㅇㅇ(chegebara123),chegebara123,6,615,0,1,13,5.7
여우시호,ernst1895,6,2626,31,16,110,23.16
ㅇㅇ(evident3670),evident3670,6,1772,21,12,47,11.82
ㅇㅇ(aware8372),aware8372,6,866,4,19,21,7.14
ㅇㅇ(210.178),210.178,6,1341,1,16,0,3.36
ㅇㅇ(thing4091),thing4091,6,433,1,9,8,4.8
ㅇㅇ(59.23),59.23,6,872,4,16,0,3.36
좍좍,turtle2771,6,504,1,11,346,65.64
ㅇㅇ(thun459),thun459,6,559,3,12,21,7.14
ㅇㅇ(218.149),218.149,6,1121,5,7,0,3.36
ㅇㅇ(tower8076),tower8076,6,1065,8,21,37,10.02
ㅇㅇ(1.244),1.244,6,1076,18,17,0,3.36
ㅇㅇ(akdsksyd4416),akdsksyd4416,6,549,1,6,4,4.08
ㅇㅇ(175.200),175.200,6,701,7,4,0,3.36
ㅇㅇ(221.150),221.150,6,858,3,16,0,3.36
ㅇㅇ(soon4484),soon4484,6,1254,6,18,0,3.36
ㅇㅇ(114.70),114.70,6,910,5,19,0,3.36
ㅇㅇ(58.123),58.123,6,931,8,21,0,3.36
ㅇㅇ(shall8510),shall8510,6,623,2,3,23,7.5
ㅇㅇ(180.231),180.231,6,728,0,10,0,3.36
부제비,bujaby12,6,464,0,9,18,6.6
ㅇㅇ(118.222),118.222,6,482,2,2,0,3.36
ㅇㅇ(thing3842),thing3842,6,810,6,9,3,3.9
12(183.109),183.109,6,715,1,7,0,3.36
ㅇㅇ(183.99),183.99,6,4499,67,38,0,3.36
182.227,brightly5170,6,1706,6,259,110,23.16
ㅇㅇ(125.135),125.135,6,527,0,5,0,3.36
바들바들동물콘,0cghd5mlq7il,6,762,16,14,22,7.32
레몬이,blacking0,6,584,2,14,3,3.9
ㅇㅇ(211.212),211.212,6,708,1,4,0,3.36
ㅇㅅㄱ,mobile2047,6,824,5,21,24,7.68
ㅇㅇ(220.72),220.72,6,650,0,11,0,3.36
ㅇㅇㅇㅇ(115.139),115.139,6,943,1,12,1,3.54
ㅇㅇ(223.53),223.53,6,463,2,10,0,3.36
ㅇㅇ(182.252),182.252,6,340,0,1,0,3.36
광진구(121.131),rmawjs32,6,2240,32,58,13,5.7
ㅇㅇ(123.100),123.100,6,476,2,4,0,3.36
ㅇㅇ(divine4204),divine4204,6,4178,68,21,8,4.8
ㅇㅇ(39.122),39.122,5,619,1,5,0,2.8
ㅇㅇ(112.173),112.173,5,637,3,14,0,2.8
ㅇㅇ(222.112),222.112,5,958,2,21,0,2.8
ㅇㅇ(49.167),mwlee2005,5,734,7,28,42,10.36
ㅇㅇ(112.220),112.220,5,722,3,10,0,2.8
00(210.95),210.95,5,618,0,5,0,2.8
ㅇㅇ(l3w8cu7c0w1n),l3w8cu7c0w1n,5,1039,8,20,4,3.52
깨져라경화수월,bleach1234,5,627,1,11,3,3.34
ㅇㅇ(116.123),116.123,5,415,1,19,0,2.8
테재앙,q0xbcrtyw70y,5,869,12,9,0,2.8
ㅇㅇ(pitea1234),pitea1234,5,745,4,13,52,12.16
제이콥리스모그,advocate2270,5,626,0,11,11,4.78
ㅇㅇ(new37),new37,5,485,1,10,6,3.88
Nemshing,nemshing,5,651,1,20,15,5.5
ㅇㅇ(124.111),124.111,5,634,4,8,0,2.8
ㅇㅇ(219.240),219.240,5,508,1,5,0,2.8
조길형,yhtm1711,5,656,5,14,3,3.34
ㅇㅇ(pupil0241),pupil0241,5,448,2,4,5,3.7
ㅇㅇ(123.199),123.199,5,687,10,10,0,2.8
ㅇㅇ(58.121),58.121,5,437,3,1,0,2.8
ㅇㅇ(1.230),1.230,5,611,10,6,0,2.8
ㅇㅇ(121.162),121.162,5,1156,4,14,0,2.8
ㅇㅇ(115.91),115.91,5,1033,9,16,0,2.8
ㅇㅇ(marathon7764),marathon7764,5,529,1,22,16,5.68
ㅇㅇ(222.117),222.117,5,795,5,10,0,2.8
ㅇㅇ(218.146),218.146,5,477,2,7,0,2.8
ㅇㅇ(125.138),125.138,5,908,22,14,0,2.8
씨발아저씨,ookm1211,5,527,1,4,15,5.5
ブロッサム,blossom20234,5,386,0,6,1,2.98
망고치즈빙수,scatter2857,5,854,1,6,13,5.14
ㅇㅇ(211.168),211.168,5,493,1,6,0,2.8
ㅇㅇ(import7453),import7453,5,819,1,18,12,4.96
ㅇㅇ(221.149),221.149,5,497,6,12,0,2.8
ㅇㅇ(157.82),157.82,5,639,5,11,0,2.8
ㅇㅇ(223.56),223.56,5,711,3,11,0,2.8
ㅇㅇ(211.114),211.114,5,784,7,12,0,2.8
ㅇㅇ(222.97),222.97,5,406,3,1,0,2.8
ㅇㅇ(118.40),118.40,5,568,3,8,0,2.8
승달,lqdhkzto2igv,5,846,9,10,6,3.88
ㅇㅇ(march8326),march8326,5,1951,24,23,29,8.02
ㅇㅇ(14.53),14.53,5,474,0,5,0,2.8
haunt,haunt1421,5,470,0,4,5,3.7
브라스인로마,paradise1216,5,1106,24,9,1,2.98
ㅇㅇ(1.238),1.238,5,666,0,27,0,2.8
ㅇㅇ(pillow2549),pillow2549,5,414,2,5,24,7.12
착한말쓸것,notion3186,5,559,6,17,4,3.52
TWTW,took2582,5,528,2,3,1,2.98
아부다비,thrive3777,5,9293,92,31,32,8.56
ㅇㅇ(115.90),115.90,5,967,8,23,0,2.8
케인무관,await7412,5,1063,7,27,0,2.8
ㅇㅇ(121.185),121.185,5,555,1,10,0,2.8
ㅇㅇ(112.169),112.169,5,771,1,16,0,2.8
Lv막걸리,dbsagxyz,5,915,8,36,33,8.74
ㅇㅇ(203.252),203.252,5,579,0,11,0,2.8
ㅇㅇ(121.143),121.143,5,723,0,12,0,2.8
ㅇㅇ(hevusge),hevusge,5,943,2,13,13,5.14
ㄹㅇ(49.167),49.167,5,600,3,8,16,5.68
ㅇㅇ(118.42),118.42,5,669,8,4,0,2.8
매리코파,sign9380,5,666,1,6,5,3.7
ㅇㅇ(180.229),180.229,5,755,1,19,0,2.8
라익,leekakerou,5,317,0,9,16,5.68
ㅇㅇ(abandon4150),abandon4150,5,545,2,14,0,2.8
ㅇㅇ(project2615),project2615,5,587,0,21,9,4.42
ㅇㅇ(112.168),112.168,5,655,5,13,0,2.8
ㅇㅇ(121.179),121.179,5,1242,28,23,0,2.8
카디프,action1096,5,724,14,11,11,4.78
ㅇㅇ(swing8870),swing8870,5,907,8,8,8,4.24
ㅇㅇ(plan1161),plan1161,5,656,2,4,3,3.34
ㅇㅇ(211.104),211.104,5,490,1,9,0,2.8
ㅇㅇ(vicycle2023),vicycle2023,5,812,5,14,5,3.7
ㅇㅇ(overback1),overback1,5,1377,27,16,6,3.88
츄제곱,chusquare,5,1178,3,13,6,3.88
ㅇㅇ(39.125),39.125,5,438,3,3,0,2.8
ㅇㅇ(sigh7350),sigh7350,5,1612,41,8,4,3.52
ㅇㅇ(thing3191),thing3191,5,380,0,6,0,2.8
ㅇㅇ(219.252),219.252,5,275,0,2,0,2.8
ㅇㅇ(advance5676),advance5676,5,905,4,26,11,4.78
ㅇㅇ(110.45),110.45,5,584,4,6,0,2.8
hirobumi(125.176),125.176,5,788,20,5,0,2.8
ㅇㅇ(218.158),218.158,5,685,6,7,0,2.8
ㅇㅇ(1.254),1.254,4,542,0,6,0,2.24
ㅇㅇ(112.154),112.154,4,479,0,11,0,2.24
Celestial,magic2804,4,407,2,6,4,2.96
ㅇㅇ(39.115),39.115,4,461,5,4,0,2.24
ㅇㅇ(218.156),218.156,4,450,1,3,0,2.24
다인드,cinema8389,4,996,8,28,0,2.24
ㅇㅇ(sgh1229),sgh1229,4,594,8,13,30,7.64
ㅇㅇ(14.63),14.63,4,422,0,10,0,2.24
ㅇㅇ(59.24),59.24,4,265,0,1,0,2.24
ㅇㅇ(il112j6890ae),il112j6890ae,4,535,0,6,6,3.32
ㅇㅇ(121.142),121.142,4,647,5,13,0,2.24
ㅇㅇ(take1305),take1305,4,6854,147,52,54,11.96
ㅇㅇ(119.203),119.203,4,259,0,5,0,2.24
Roxanne,roxy0810,4,289,1,2,15,4.94
Nightvision0109,kkjj0113,4,438,5,18,89,18.26
ㅇㅇ(121.173),121.173,4,333,0,1,0,2.24
ㅇㅇ(maro1562),maro1562,4,534,3,12,14,4.76
ㅇㅇ(222.110),222.110,4,550,0,6,0,2.24
ㅇㅇ(211.248),211.248,4,600,0,6,0,2.24
ㅇㅇ(221.164),221.164,4,374,0,5,0,2.24
ㅇㅇ(211.200),211.200,4,580,0,16,0,2.24
맹구인(1.219),1.219,4,343,0,1,3,2.78
ㅇㅇ(59.29),59.29,4,539,0,8,0,2.24
ㅇㅇ(59.28),59.28,4,437,4,7,0,2.24
ㅇㅇ(runny9784),runny9784,4,1895,32,24,18,5.48
ㅇㅇ(211.48),211.48,4,422,0,6,0,2.24
ㅇㅇ(14.42),14.42,4,504,11,6,0,2.24
계엄메카,worldari,4,659,18,23,5,3.14
ㅇㅇ(121.165),121.165,4,1097,28,18,0,2.24
ㅇㅇ(155.230),155.230,4,564,3,18,0,2.24
ㅇㅇ(112.219),112.219,4,310,0,10,0,2.24
ㅇㅇ(contrary5943),contrary5943,4,994,6,10,0,2.24
ㅇㅇ(222.111),222.111,4,533,2,6,0,2.24
ㅇㅇ(orydbwudbdj),orydbwudbdj,4,744,12,14,0,2.24
ㅇㅇ(218.157),218.157,4,698,2,6,0,2.24
ㅇㅇ(210.90),210.90,4,583,3,15,0,2.24
ㅇㅇ(aaa1541),aaa1541,4,404,1,3,2,2.6
ㅇㅇ(power4781),power4781,4,576,0,11,10,4.04
ㅇㅇ(magic0198),magic0198,4,372,2,1,15,4.94
ㅇㅇ(211.105),211.105,4,379,0,1,0,2.24
ㅇㅇ(148.135),148.135,4,397,5,3,0,2.24
ㅇㅇ(175.196),175.196,4,758,5,12,0,2.24
ㅇㅇ(61.40),61.40,4,917,4,14,0,2.24
ㅇㅇ(220.70),220.70,4,200,0,0,0,2.24
ㅇㅇ(221.167),221.167,4,379,2,12,0,2.24
ㅇㅇ(makeup6021),makeup6021,4,723,2,23,4,2.96
ㅇㅇ(182.221),182.221,4,559,1,4,0,2.24
한동훈대통령,probe5103,4,1746,32,17,8,3.68
ㅇㅇ(39.127),39.127,4,654,3,15,0,2.24
ㅇㅇ(heaven8443),heaven8443,4,568,2,76,5,3.14
ㅇㅇ(116.89),116.89,4,579,3,2,0,2.24
ㅇㅇ(182.225),182.225,4,773,16,20,0,2.24
ㅇㅇ(175.113),175.113,4,1369,20,16,0,2.24
ㅇㅇ(14.41),14.41,4,310,2,8,0,2.24
ㅇㅇ(61.73),61.73,4,704,4,30,0,2.24
요플레이션,addict2956,4,631,2,0,1,2.42
ㅇㅇ(121.137),121.137,4,638,5,15,0,2.24
마린이(175.124),175.124,4,704,4,11,0,2.24
ㅇㅇ(222.238),222.238,4,672,3,25,0,2.24
ㅇㅇ(175.209),175.209,4,501,1,40,0,2.24
ㅇㅇ(211.209),211.209,4,341,0,4,0,2.24
ㅇㅇ(180.69),180.69,4,2252,45,29,0,2.24
ㅇㅇ(121.135),121.135,4,636,0,15,0,2.24
Vive,annnyiengrub,4,604,5,5,11,4.22
ㅇㅇ(handle2691),handle2691,4,843,4,3,5,3.14
ㅇㅇ(222.118),222.118,4,621,0,6,0,2.24
ㅇㅇ(1.253),1.253,4,415,2,5,0,2.24
ㅇㅇ(charming4397),charming4397,4,582,6,12,18,5.48
ㅇㅇ(218.51),218.51,4,571,5,16,0,2.24
ㅇㅇ(61.80),61.80,4,1064,7,32,0,2.24
ㅇㅇ(183.100),183.100,4,584,4,14,0,2.24
ㅇㅇ(49.167),49.167,4,522,0,7,0,2.24
음바바네,halfway3629,4,1956,33,10,0,2.24
아바드,davefefe,4,672,8,10,77,16.1
ㅇㅇ(solution4762),solution4762,4,703,1,6,13,4.58
ㅇㅇ(newcomer1717),newcomer1717,4,456,0,4,8,3.68
ㅇㅇ(donkey5629),donkey5629,4,545,3,10,0,2.24
ㅇㅇ(223.63),223.63,4,342,0,4,0,2.24
ㅇㅇ(59.1),59.1,4,286,0,3,0,2.24
ㅇㅇ(115.40),115.40,4,635,1,12,0,2.24
ㅇㅇ(frost2620),frost2620,4,2742,34,61,28,7.28
ㅇㅇ(218.238),218.238,4,564,4,9,0,2.24
ㅇㅇ(210.182),210.182,4,619,7,11,0,2.24
문캠놈(221.157),221.157,4,386,0,15,0,2.24
ㅇㅇ(210.96),210.96,4,658,1,8,0,2.24
ㅇㅇ(175.119),175.119,4,814,2,29,0,2.24
ㅇㅇ(119.196),119.196,4,353,0,1,0,2.24
ㅇㅇ(bore3218),bore3218,4,601,4,4,3,2.78
ㅇㅇ(face9006),face9006,4,631,10,9,12,4.4
ㅇㅇ(121.186),121.186,4,436,5,6,0,2.24
치치맘,yongkyu1,4,405,0,6,5,3.14
페페이글스,onbiz038,4,478,2,3,3,2.78
ㅇㅇ(tool8604),tool8604,4,538,9,14,26,6.92
ㅇㅇ(202.168),202.168,4,351,6,4,0,2.24
ㅇㅇ(211.41),211.41,4,662,7,3,0,2.24
호시노아저씨는으헤,explorer5560,4,367,5,18,15,4.94
ㅇㅇ(211.243),211.243,4,498,0,3,0,2.24
ㅇㅇ(shed0812),shed0812,4,746,8,8,3,2.78
사회민주주의,qwejkl9021,4,849,4,19,6,3.32
ㅇㅇ(r7rdx),r7rdx,4,303,0,0,0,2.24
ㅇㅇ(211.59),211.59,4,707,0,17,0,2.24
ㅇㅇ(125.177),125.177,4,367,0,5,0,2.24
유유___,babodang22,4,401,4,15,21,6.02
ㅇㅇ(believe1020),believe1020,4,562,1,17,6,3.32
ㅇㅇ(220.67),220.67,3,697,10,5,0,1.68
ㅇㅇ(desk0584),desk0584,3,178,0,13,15,4.38
ㅇㅇ(here6025),here6025,3,378,0,12,17,4.74
용암,ton2161,3,122,0,0,12,3.84
ㅇㅇ(single987),single987,3,451,6,10,30,7.08
ㅇㅇ(121.170),121.170,3,357,5,11,0,1.68
ㅇㅇ(39.118),39.118,3,568,0,14,0,1.68
ㅇㅇ(birth9484),birth9484,3,442,2,2,0,1.68
vpe,summary0596,3,393,4,3,0,1.68
ㅇㅇ(crowded8359),crowded8359,3,232,2,2,10,3.48
ㅇㅇ(39.113),39.113,3,195,1,8,0,1.68
ㅇㅇ(126.218),126.218,3,459,3,13,0,1.68
ㅇㅇ(210.106),210.106,3,308,0,2,0,1.68
ㅇㅇ(tjswjs12345),tjswjs12345,3,558,3,6,7,2.94
ㅇㅇ(modongdo),modongdo,3,187,0,0,1,1.86
jumper3,jumper44,3,255,0,2,1,1.86
ㅁㄴㅇㄹ(118.220),118.220,3,337,9,2,6,2.76
ㅇㅇ(military5308),military5308,3,576,6,13,4,2.4
ㅇㅇ(terminal5452),terminal5452,3,410,1,0,9,3.3
ㅇㅇ(211.185),211.185,3,2067,53,27,0,1.68
TZNANASE,slippery1220,3,331,2,1,214,40.2
ㅇㅇ(121.160),121.160,3,300,5,0,0,1.68
ㅇㅇ(spelunk),spelunk,3,629,6,3,1,1.86
ㅇㅇ(223.131),223.131,3,237,1,0,0,1.68
ㅇㅇ(59.6),59.6,3,463,13,3,0,1.68
ㅇㅇ(210.179),210.179,3,265,1,2,0,1.68
ㅇㅇ(59.11),59.11,3,292,1,4,0,1.68
ㅇㅇ(fork9320),fork9320,3,490,0,4,10,3.48
ㅇㅇ(61.84),61.84,3,402,4,3,0,1.68
ㅇㅇ(180.68),180.68,3,348,3,2,0,1.68
ㅇㅇ(223.33),223.33,3,447,5,19,0,1.68
ㅇㅇ(58.229),58.229,3,356,0,12,0,1.68
ㅇㅇ(211.252),211.252,3,471,0,15,0,1.68
ㅇㅇ(115.23),115.23,3,331,0,8,0,1.68
ㅇㅇ(14.43),14.43,3,209,3,2,0,1.68
S급각성통피,6lbz1h88ktdm,3,669,1,7,1,1.86
ㅇㅇ(58.232),58.232,3,190,1,1,0,1.68
ㅇㅇ(bright2668),bright2668,3,391,5,12,8,3.12
어린이대공원역,cambiasso,3,451,7,3,11,3.66
ㅇㅇ(zu84dfjnhf5l),zu84dfjnhf5l,3,245,2,1,2,2.04
ㅇㅇ(lawn8879),lawn8879,3,404,0,7,3,2.22
ㅇㅇ(114.200),114.200,3,508,6,5,0,1.68
ㅇㅇ(221.140),221.140,3,17497,533,135,0,1.68
ㅇㅇ(14.55),14.55,3,355,0,5,0,1.68
ㅇㅇ(211.169),211.169,3,300,4,2,0,1.68
성난시민성지영,website2810,3,286,0,6,7,2.94
ㅇㅇ(climber1771),climber1771,3,535,6,13,7,2.94
ㅇㅇ(182.222),182.222,3,464,0,15,0,1.68
ㅇㅇ(27.173),27.173,3,225,1,2,0,1.68
GreatBritain,persist3168,3,360,2,5,12,3.84
ㅇㅇ(baker7225),baker7225,3,397,7,9,10,3.48
Kice,ferrari879,3,576,0,53,70,14.28
ㅇㅇ(122.215),122.215,3,252,0,5,0,1.68
ㅇㅇ(125.190),125.190,3,428,0,13,0,1.68
ㅇㅇ(114.199),114.199,3,544,3,20,0,1.68
ㅇㅇ(lease2342),lease2342,3,444,0,15,80,16.08
ㅇㅇ(keen7774),keen7774,3,555,1,5,0,1.68
ㅇㅇ(single9645),single9645,3,227,2,7,8,3.12
ㅇㅇ(119.172),119.172,3,417,1,3,0,1.68
ㅇㅇ(werwer111),werwer111,3,397,0,6,3,2.22
ㅇㅇ(222.102),222.102,3,295,0,0,0,1.68
ㅁㅁㅁㅁ,save9695,3,406,3,17,6,2.76
ㅇㅇ(mindong2303),mindong2303,3,511,2,8,10,3.48
ㅇㅇ(42.18),42.18,3,295,0,2,0,1.68
ㅇㅇ(222.119),222.119,3,524,0,10,0,1.68
ㅇㅇ(218.236),218.236,3,547,5,6,0,1.68
무료해요,forehead4865,3,530,15,1,1,1.86
윤항문,premium0810,3,270,1,5,67,13.74
마츠리스,mutsuki,3,1376,28,12,165,31.38
ㅇㅇ(informal8293),informal8293,3,658,6,28,7,2.94
ㅇㅇ(121.174),121.174,3,510,9,5,0,1.68
ㅇㅇ(type7981),type7981,3,109,0,0,0,1.68
spinbike,mankiw09,3,2412,30,18,2,2.04
ㅇㅇ(106.250),106.250,3,422,2,5,0,1.68
ㅇㅇ(emit8680),emit8680,3,242,4,4,4,2.4
ㅇㅇ(bxmiygerjvzg4853),bxmiygerjvzg4853,3,463,2,7,1,1.86
ㅇㅇ(explain5473),explain5473,3,408,0,21,19,5.1
ㅇㅇ(ronaldofannumber1),ronaldofannumber1,3,303,0,7,2,2.04
ㅇㅇ(113.192),113.192,3,616,0,28,0,1.68
ㅇㅇ(211.109),211.109,3,340,0,4,0,1.68
ㅇㅇ(couch3184),couch3184,3,430,0,2,1,1.86
ㅇㅇ(42.27),42.27,3,325,0,4,0,1.68
ㅇㅇ(110.70),110.70,3,878,3,4,0,1.68
쭈니,jjuni19910321,3,388,2,8,3,2.22
ㅇㅇ(119.149),119.149,3,217,0,6,0,1.68
ㅇㅇ(221.144),221.144,3,377,0,7,0,1.68
근-본,scs326,3,688,12,4,18,4.92
하루,camping1846,3,333,1,0,0,1.68
ㅇㅇ(123.254),123.254,3,340,2,8,0,1.68
ㅇㅇ(join7195),join7195,3,415,1,4,0,1.68
ㅇㅇ(182.172),182.172,3,346,6,5,0,1.68
우리집까마귀,idhsy8080,3,333,5,2,40,8.88
ㅇㅇ(propose3635),propose3635,3,2086,67,13,5,2.58
ㅇㅇ(165.132),165.132,3,303,0,10,0,1.68
ㅇㅇ(sticky5697),sticky5697,3,429,0,7,4,2.4
ㅇㅇ(211.227),211.227,3,416,2,15,0,1.68
ㅇㅇ(133.125),133.125,3,337,2,4,0,1.68
ㅇㅇ(210.113),210.113,3,398,3,7,0,1.68
ㅇㅇ(zakans),zakans,3,352,2,6,6,2.76
ㅇㅇ(126.205),126.205,3,441,0,5,0,1.68
새붕이(112.156),112.156,3,512,6,18,0,1.68
ㅇㅇ(snake0145),snake0145,3,638,4,14,4,2.4
ㅇㅇ(priest0593),priest0593,3,464,2,6,0,1.68
ㅇㅇ(keen7000),keen7000,3,390,2,2,5,2.58
ㅇㅇ(169.214),169.214,3,347,0,13,0,1.68
ㅇㅇ(175.116),175.116,3,391,0,1,0,1.68
ㅇㅇ(microsoftedge),microsoftedge,3,627,4,11,3,2.22
ㅇㅇ(219.250),219.250,3,426,0,9,0,1.68
ㅇㅇ(211.117),211.117,3,536,3,6,0,1.68
하이하이호우,rise2816,3,400,1,9,12,3.84
청금,cjh2705,3,431,3,7,12,3.84
ㅇㅇ(126.156),126.156,3,344,4,9,0,1.68
ㅇㅇ(112.148),112.148,3,403,2,8,0,1.68
ㅇㅇ(222.233),222.233,3,242,2,6,0,1.68
ㅇㅇ(gopshqhwibfc),gopshqhwibfc,3,434,0,13,3,2.22
단거먹자아,feel9475,3,380,2,5,7,2.94
Bnepe,delicate4191,3,310,2,2,0,1.68
Shshs,446bd,3,566,1,15,0,1.68
디시콘제작자,december8402,3,1866,25,16,14,4.2
음주노인,b3bnx2mh97ra,3,264,0,3,17,4.74
문캠놈(58.124),58.124,3,589,2,19,0,1.68
ㅇㅇ(112.167),112.167,3,397,2,4,0,1.68
센튜리온,diocese,3,493,7,5,0,1.68
ㅇㅇ(110.46),110.46,3,268,1,6,0,1.68
ㅇㅇ(loul0925),loul0925,3,739,3,5,0,1.68
팡일박,ksw10157,3,326,4,20,23,5.82
ㅇㅇ(115.140),115.140,3,190,0,3,0,1.68
ㅇㅇ(fish0342),fish0342,3,327,0,5,4,2.4
폭풍윤카,harm5686,3,359,3,0,3,2.22
ㅇㅇ(rhslrdjqtdj),rhslrdjqtdj,3,503,0,2,0,1.68
ㅇㅇ(211.33),211.33,3,342,1,1,0,1.68
김페페,careful0624,3,1970,45,3,4,2.4
도사님,kimhdid5,3,262,0,5,2,2.04
ㅇㅇ(202.136),202.136,3,350,3,7,0,1.68
ㅇㅇ(tks9878),tks9878,3,266,0,6,8,3.12
ㅇㅇ(love2471),love2471,3,292,2,11,21,5.46
ㅇㅇ(farewell4290),farewell4290,3,507,2,7,2,2.04
soltbom,alive1560,3,436,0,6,15,4.38
줄리앙(58.140),58.140,2,209,1,8,2,1.48
착한나무,policy2918,2,183,0,12,5,2.02
ㅇㅇ(clinic3769),clinic3769,2,443,5,3,0,1.12
ㅇㅇ(society5465),society5465,2,397,2,11,5,2.02
ㅇㅇ(121.154),121.154,2,165,0,2,0,1.12
ㅇㅇ(115.21),115.21,2,318,0,7,0,1.12
ㅇㅇ(125.136),125.136,2,156,0,7,0,1.12
ㅇㅇ(118.235),118.235,2,320,5,3,0,1.12
ㅇㅇ(bass9554),bass9554,2,243,1,3,0,1.12
ㅇㅇ(curtain9471),curtain9471,2,212,4,2,12,3.28
그로보,thorough0119,2,196,1,2,3,1.66
내가니엄마다,ktwizv3,2,297,0,9,0,1.12
갤럭시S,samsungim,2,426,0,10,13,3.46
개혁가보자고,forward6649,2,207,2,2,14,3.64
요석은너야,suzume2023,2,1535,25,7,10,2.92
ㅇㅇ(mass9907),mass9907,2,193,2,3,1,1.3
ㅇㅇ(homeroom8796),homeroom8796,2,329,6,4,7,2.38
ㅇㅇ(period5367),period5367,2,284,1,2,5,2.02
ㅇㅇ(14.56),14.56,2,253,0,9,0,1.12
ㅇㅇ(203.234),203.234,2,190,0,2,0,1.12
ㅇㅇ(kyunghee9219),kyunghee9219,2,794,6,13,34,7.24
ㅇㅇ(yr66eayhr44f),yr66eayhr44f,2,257,0,1,8,2.56
ㅇㅇ(orphan7292),orphan7292,2,262,6,0,15,3.82
ㅇㅇ(175.214),175.214,2,1946,43,10,0,1.12
뵈년,vorxmzkwlstmzl,2,373,0,9,4,1.84
ㅇㅇ(fkzh13),fkzh13,2,2316,60,13,1,1.3
ㅇㅇ(prefer3462),prefer3462,2,1400,24,15,10,2.92
TurboGrafx16,leather2814,2,589,0,4,2,1.48
ㅇㅇ(sidewalk9301),sidewalk9301,2,245,0,3,1,1.3
ㅇㅇ(spinach4716),spinach4716,2,152,0,0,2,1.48
우주명차쏘렌토,uzuso,2,268,4,8,21,4.9
ㅇㅇ(123.109),123.109,2,416,8,2,0,1.12
ㅇㅇ(121.166),121.166,2,154,0,0,0,1.12
ㅇㅇ(49.172),49.172,2,201,0,5,0,1.12
ㅇㅇ(118.46),118.46,2,347,3,11,0,1.12
ㅇㅇ(114.204),114.204,2,472,0,4,0,1.12
ㅇㅇ(211.199),211.199,2,345,3,2,0,1.12
ㅇㅇ(fair4907),fair4907,2,160,1,2,1,1.3
ㅇㅇ(yeongsu01234),yeongsu01234,2,361,2,4,5,2.02
ㅇㅇ(182.216),182.216,2,173,0,2,0,1.12
ㅇㅇ(58.125),58.125,2,111,0,0,0,1.12
ㅇㅇ(169.212),169.212,2,154,1,1,0,1.12
ㅇㅇ(hshoon7),hshoon7,2,1214,38,1,2,1.48
혜자계약나성범,relative0067,2,299,1,3,0,1.12
ㅇㅇ(219.248),219.248,2,160,1,2,0,1.12
ㅇㅇ(118.37),118.37,2,190,0,2,0,1.12
ㅇㅇ(220.93),220.93,2,98,0,2,0,1.12
ㅇㅇ(211.221),211.221,2,296,1,5,0,1.12
ㅇㅇ(210.157),210.157,2,174,0,1,0,1.12
ㅇㅇ(118.41),118.41,2,147,0,2,0,1.12
Witty,witty9937,2,341,1,11,4,1.84
유니버사,faol0714,2,178,0,5,0,1.12
ㅇㅇ(222.99),222.99,2,156,0,3,0,1.12
ㅇㅇ(175.194),175.194,2,250,1,6,0,1.12
ㅇㅇ(1.211),1.211,2,280,0,2,0,1.12
떡게이,predator4485,2,213,1,4,84,16.24
ㅇㅇ(125.143),125.143,2,175,0,4,0,1.12
ㅇㅇ(1.223),1.223,2,198,0,3,0,1.12
ㅇㅇ(122.35),122.35,2,219,2,2,0,1.12
ㅇㅇㅇ,paste1134,2,314,1,3,0,1.12
ㅇㅇ(59.8),59.8,2,239,0,15,0,1.12
허은아,chartkorea,2,230,6,0,2,1.48
ㅇㅇ(125.140),125.140,2,817,20,4,0,1.12
ㅇㅇ(220.86),220.86,2,225,5,3,0,1.12
ㅇㅇ(aisle2837),aisle2837,2,387,0,9,0,1.12
ㅇㅇ(180.71),180.71,2,294,0,6,0,1.12
ㅇㅇ(222.237),222.237,2,375,18,2,0,1.12
ㅇㅇ(210.206),210.206,2,196,0,9,0,1.12
ㅇㅇ(ramcha0521),ramcha0521,2,477,9,5,0,1.12
ㅇㅇ(14.51),14.51,2,204,1,2,0,1.12
ㅇㅇ(211.107),211.107,2,269,1,5,0,1.12
ㅇㅇ(121.138),121.138,2,402,2,3,0,1.12
ㅇㅇ(220.149),220.149,2,1533,54,12,0,1.12
ㅇㅇ(cart7435),cart7435,2,385,3,6,1,1.3
ㅇㅇ(183.91),183.91,2,160,0,4,0,1.12
ㅇㅇ(113.198),113.198,2,463,2,13,0,1.12
인내김아완족,dlstod0725,2,130,0,2,1,1.3
ㅇㅇ(110.35),110.35,2,195,3,3,0,1.12
ㅇㅇ(221.162),221.162,2,234,3,0,0,1.12
ㅇㅇ(1.227),1.227,2,177,0,0,0,1.12
ㅇㅇ(59.25),59.25,2,277,0,6,0,1.12
와자,tensaidesu13,2,604,0,5,1,1.3
ㅇㅇ(119.75),119.75,2,294,0,5,0,1.12
ㅇㅇ(cave5695),cave5695,2,198,1,15,2,1.48
ㅇㅇ(211.108),211.108,2,88,0,0,0,1.12
ㅇㅇ(totgn5cbdmqw),totgn5cbdmqw,2,206,0,1,6,2.2
ㅇㅇ(210.217),210.217,2,211,0,11,0,1.12
ㅇㅇ(211.34),211.34,2,251,1,4,0,1.12
이재명식칼리스타,jmp0722,2,330,6,4,1,1.3
ㅇㅇ(1.210),1.210,2,149,0,2,0,1.12
ㅇㅇ(121.184),121.184,2,236,0,8,0,1.12
ㅇㅇ(124.54),124.54,2,394,5,20,0,1.12
334금호,chunys81,2,2458,27,29,12,3.28
ㅇㅇ(49.164),49.164,2,348,7,10,0,1.12
hygo,diamond2877,2,195,0,2,12,3.28
ㅇㅇ(210.223),210.223,2,264,11,2,0,1.12
ㅇㅇ(tomato8323),tomato8323,2,331,0,13,6,2.2
ㅇㅇ(112.147),112.147,2,340,1,15,0,1.12
ㅇㅇ(shorts1638),shorts1638,2,294,1,8,0,1.12
ㅇㅇ(220.94),220.94,2,235,0,5,0,1.12
ㅇㅇ(federal9353),federal9353,2,214,0,7,4,1.84
ㅇㅇ(169.211),169.211,2,166,0,2,0,1.12
ㅇㅇ(ministry1340),ministry1340,2,101,0,0,9,2.74
S유한성2,thehchildren2001,2,377,1,14,10,2.92
ㅇㅇ(brave6188),brave6188,2,278,2,4,1,1.3
ㅇㅇ(218.52),218.52,2,285,1,9,0,1.12
ㅇㅇ(183.106),183.106,2,210,5,4,0,1.12
ㅇㅇ(182.229),182.229,2,275,0,0,0,1.12
ㅇㅇ(218.232),218.232,2,444,3,4,0,1.12
모찌모찌,soon4656,2,278,4,6,52,10.48
ㅇㅇ(222.105),222.105,2,394,1,8,0,1.12
ㅇㅇ(119.194),119.194,2,382,0,10,0,1.12
ㅇㅇ(61.79),61.79,2,327,1,5,0,1.12
ㅇㅇ(223.194),223.194,2,230,1,4,0,1.12
[존만깔X22]의뇌,kimdongryul98,2,279,3,9,9,2.74
ㅇㅇ(dugidugi1212),dugidugi1212,2,177,0,2,4,1.84
ㅇㅇ(airline7996),airline7996,2,666,18,19,6,2.2
바른힘,leejoon684,2,287,0,7,21,4.9
유승민의뜨거운출마,0p23jdjn,2,303,1,12,2,1.48
ㅇㅇ(58.142),58.142,2,429,3,8,0,1.12
이세계고닉,zaq12wsxcd,2,279,2,6,23,5.26
리우루,adreas02,2,455,1,12,5,2.02
ㅇㅇ(182.226),182.226,2,254,1,0,0,1.12
ㅇㅇ(220.125),220.125,2,267,0,3,0,1.12
모두까기인형1,hyesung123,2,1883,48,31,2,1.48
ㅇㅇ(media3540),media3540,2,228,1,3,17,4.18
ㅇㅇ(165.194),165.194,2,416,0,1,0,1.12
ㅇㅇ(112.222),112.222,2,1104,19,41,0,1.12
dd(218.209),218.209,2,354,0,1,4,1.84
ㅇㅇ(61.43),61.43,2,238,1,0,0,1.12
ㅇㅇ(220.126),220.126,2,348,1,1,0,1.12
ㅇㅇ(a111bbb222),a111bbb222,2,395,7,2,0,1.12
ㅇㅇ(them9289),them9289,2,496,2,4,3,1.66
ㅇㅇ(nemojop656),nemojop656,2,234,0,5,5,2.02
ㅇㅇ(vivid7494),vivid7494,2,341,0,13,2,1.48
ㅇㅇ(58.120),58.120,2,208,0,9,0,1.12
ㅇㅇ(dialogue1309),dialogue1309,2,166,1,2,1,1.3
ㅇㅇ(hand1051),hand1051,2,331,4,15,0,1.12
ㅇㅇ(121.148),121.148,2,341,1,11,0,1.12
ㅇㅇ(ilililililill),ilililililill,2,209,1,5,7,2.38
ㅇㅇ(1.233),1.233,2,274,2,3,0,1.12
씹게이,cash3216,2,193,0,2,6,2.2
푸딩딩,jihyo96,2,158,0,2,0,1.12
ㅇㅇ(long2602),long2602,2,224,0,10,3,1.66
ㅇㅇ(61.97),61.97,2,70,0,0,0,1.12
웅웅,december3917,2,348,2,2,1,1.3
ㅇㅇ(broth4794),broth4794,2,431,2,0,0,1.12
ㅇㅇ(118.34),118.34,2,385,5,10,0,1.12
ㅇㅇ(neutral1570),neutral1570,2,267,0,5,12,3.28
ㅇㅇ(121.157),121.157,2,343,6,10,0,1.12
ㅇㅇ(122.199),122.199,2,362,2,12,0,1.12
ㅇㅇ(49.142),49.142,2,366,3,1,0,1.12
Vista,checkthememe,2,187,0,3,3,1.66
Ddk,doorbell1904,2,309,4,6,19,4.54
ㅇㅇ(122.128),122.128,2,199,3,2,0,1.12
ㅇㅇ(119.205),119.205,2,297,3,3,0,1.12
ㅇㅇ(descend5811),descend5811,2,427,0,4,1,1.3
ㅇㅇ(211.195),211.195,2,690,16,6,0,1.12
ㅇㅇ(qazxcxz),qazxcxz,2,285,0,4,2,1.48
ㅇㅇ(220.116),220.116,2,255,3,2,0,1.12
ㅇㅇ(125.180),125.180,2,313,2,0,0,1.12
ㅇㅇㅇ,pork7188,2,422,3,10,0,1.12
ㅇㅇ(42.20),42.20,2,181,0,0,0,1.12
ㅇㅇ(218.147),218.147,2,454,13,7,0,1.12
ㅇㅇ(49.163),49.163,2,262,0,4,0,1.12
게임메갈,voice7942,2,238,0,4,1,1.3
ㅇㅇ(setusallfree),setusallfree,2,228,6,0,0,1.12
ㅇㅇ(deviskonno),deviskonno,2,355,2,8,0,1.12
ㅇㅇ(211.194),211.194,2,219,0,4,0,1.12
ㅇㅇ(210.121),210.121,2,164,0,0,0,1.12
요도세자이동호,crazy9542,2,2531,42,14,0,1.12
갤질용고정닉,built8325,2,219,1,3,6,2.2
ㅇㅇ(116.120),116.120,2,469,0,2,0,1.12
emma,joayo0827,2,134,1,0,28,6.16
ㅇㅇ(lovingblizzard),lovingblizzard,2,11,0,0,0,1.12
ㅇㅇ(61.85),61.85,2,250,1,3,0,1.12
이금기,gain9603,2,226,0,5,3,1.66
ㅇㅇ(182.214),182.214,2,316,2,16,0,1.12
ㅇㅇ(122.42),122.42,2,342,6,11,0,1.12
폴란드볼,skyblue010930,2,421,0,5,17,4.18
문캠놈(211.199),211.199,2,278,0,5,0,1.12
ㅇㅇ(58.72),58.72,2,236,2,2,0,1.12
ㅇㅇ(110.34),110.34,2,291,4,1,0,1.12
헨리_마틴_잭슨,diaaa89,2,1131,29,14,3,1.66
날뭐라고생각하는거냐,bakery9844,2,2456,44,26,0,1.12
치쥬케이크,decorate8395,2,766,2,26,11,3.1
ㅇㅇ(61.105),61.105,2,286,0,6,0,1.12
ㅇㅇ(221.155),221.155,2,185,1,1,0,1.12
ㅇㅇ(123.212),123.212,2,351,8,3,0,1.12
ㅇㅇ(ethics7347),ethics7347,2,224,0,26,11,3.1
투표용계정,winner3689,2,256,0,6,1,1.3
ㅇㅇ(210.99),210.99,2,326,0,4,0,1.12
ㅇㅇ(58.78),58.78,2,579,2,5,0,1.12
ㅇㅇ(218.150),218.150,2,2221,34,26,0,1.12
ㅇㅇ(59.7),59.7,2,124,0,1,0,1.12
우다가와토모에,constant6258,2,205,0,10,5,2.02
ㅇㅇ(121.163),121.163,2,330,0,16,0,1.12
ㅇㅇ(pandarpanda),pandarpanda,2,1315,30,16,2,1.48
ㅇㅇ(1.231),1.231,2,258,0,5,0,1.12
ㅇㅇ(clear7703),clear7703,2,143,2,0,6,2.2
문캠놈(220.94),220.94,2,177,0,4,0,1.12
ㅇㅇ(118.219),118.219,2,354,22,1,0,1.12
ㅇㅇ(utter2500),utter2500,2,224,3,2,0,1.12
요조라니호라타마시테,phase9419,2,80,0,0,3,1.66
ㅇㅇ(221.151),221.151,2,198,1,2,0,1.12
ㅇㅇ(dorianlife),dorianlife,2,1000,26,8,36,7.6
ㅇㅇ(upset7474),upset7474,2,306,3,7,0,1.12
ㅇㅇ(121.147),121.147,2,300,4,3,0,1.12
ㅇㅇ(stretch0980),stretch0980,2,427,1,13,7,2.38
ㅇㅇ(onceuponatime1020),onceuponatime1020,2,304,1,5,54,10.84
ㅇㅇ(host8281),host8281,2,225,2,1,0,1.12
ㅇㅇ(183.101),183.101,2,330,2,2,0,1.12
ㅇㅇ(shallow9750),shallow9750,2,277,1,1,20,4.72
ㅇㅇ(175.195),175.195,2,352,1,5,0,1.12
ㅇㅇ(121.164),121.164,2,803,24,3,0,1.12
ㅇㅇ(210.105),210.105,2,125,0,0,0,1.12
트이로프,goods4959,2,473,4,9,0,1.12
ㅇㅇ(211.173),211.173,2,255,1,1,0,1.12
ㅇㅇ(221.147),221.147,2,129,0,6,0,1.12
ㅇㅇ(183.108),183.108,2,178,1,2,0,1.12
김두한옥마을,oven4663,2,177,1,1,1,1.3
ㅇㅇ(vital9972),vital9972,2,231,2,7,4,1.84
ㅇㅇ(luxury4031),luxury4031,2,241,1,2,0,1.12
ㅇㅇ(base5094),base5094,2,299,8,4,0,1.12
파이리유전자쐐기,senior9070,2,245,1,0,7,2.38
ㅇㅇ(220.88),220.88,2,191,5,6,0,1.12
ㅇㅇ(embassy4904),embassy4904,2,335,11,5,0,1.12
ㅇㅇ(idolmaster149),idolmaster149,2,1739,36,10,0,1.12
ㅇㅇ(num12),num12,2,2189,58,11,20,4.72
ㅂㅅ(14.52),14.52,2,394,0,9,3,1.66
무툴죽어,expert9570,2,216,0,0,4,1.84
ㅇㅇ(acid8400),acid8400,2,316,5,1,0,1.12
ㅇㅇ(1.239),1.239,2,310,0,0,0,1.12
ㅇㅇ(125.251),125.251,2,185,3,0,0,1.12
ㅇㅇ(wireless5379),wireless5379,2,396,0,6,2,1.48
ㅇㅇ(124.51),124.51,2,220,0,1,0,1.12
ㅇㅇ(brown4871),brown4871,2,341,2,7,0,1.12
ㅇㅇ(211.197),211.197,2,322,0,0,0,1.12
2025유입,mayor9759,2,191,2,3,3,1.66
ㅇㅇ(110.15),110.15,2,262,0,5,0,1.12
Rockgill,corrupt3628,2,315,6,6,3,1.66
ㅇㅇ(oblige9029),oblige9029,2,695,0,21,0,1.12
ㅇㅇ(210.207),210.207,2,215,0,3,0,1.12
황제펭귄,qipenguin,2,212,1,10,5,2.02
ㅇㅇ(222.121),222.121,2,822,23,7,0,1.12
메로다,fnpc3zk8e7ws,2,227,5,3,13,3.46
elounger,elder3707,2,122,1,2,0,1.12
ㅇㅇ(219.241),219.241,2,270,1,11,0,1.12
ㅇㅇ(toward6965),toward6965,2,504,2,3,0,1.12
갤붕이(223.39),223.39,2,270,0,5,13,3.46
ㅇㅇ(114.30),114.30,1,111,1,1,0,0.56
키요스미님,good1329,1,201,6,4,2,0.92
ㅇㅇ(realize0910),realize0910,1,137,0,2,1,0.74
ㅇㅇ(116.41),116.41,1,310,7,4,0,0.56
김라팍,kimlionspark,1,39,0,0,3,1.1
디시안해요,poverty5340,1,377,8,12,1,0.74
ㅇㅇ(eoeoeo44),eoeoeo44,1,298,7,6,1,0.74
ㅇㅇ(211.205),211.205,1,187,0,2,0,0.56
ㅇㅇ(touched3119),touched3119,1,101,0,2,9,2.18
ㅇㅇ(112.223),112.223,1,185,3,2,0,0.56
ㅇㅇ(njls716aydc9),njls716aydc9,1,204,2,3,0,0.56
ㅇㅇ(card0010),card0010,1,179,5,4,0,0.56
ㅇㅇ(220.118),220.118,1,110,0,1,0,0.56
ㅇㅇ(really6995),really6995,1,272,0,23,3,1.1
ㅇㅇ(qlxlrdyd69),qlxlrdyd69,1,147,0,1,1,0.74
ㅇㅇ(106.101),106.101,1,256,5,2,0,0.56
ㅇㅇ(throw6208),throw6208,1,319,0,4,0,0.56
ㅇㅇ(swim9436),swim9436,1,269,1,3,0,0.56
ㅇㅇ(125.186),125.186,1,125,0,1,0,0.56
ㅇㅇ(211.36),211.36,1,76,0,1,0,0.56
ㅇㅇ(teenage4162),teenage4162,1,105,0,1,2,0.92
ㅇㅇ(117.55),117.55,1,209,0,8,0,0.56
라오스,sorry3818,1,76,0,0,0,0.56
ㅇㅇ(aop1500),aop1500,1,239,0,1,2,0.92
ㅇㅇ(trim8129),trim8129,1,56,0,0,1,0.74
ㅇㅇ(offend2030),offend2030,1,136,0,6,17,3.62
ㅇㅇ(point6300),point6300,1,194,0,1,0,0.56
ㅇㅇ(dpfpfk),dpfpfk,1,225,0,0,0,0.56
ㅇㅇ(124.49),124.49,1,103,2,0,0,0.56
ㅇㅇ(116.34),116.34,1,249,0,5,0,0.56
Vertin1999,jhoh0301,1,133,0,4,3,1.1
수현찐팬(61.85),61.85,1,158,4,2,0,0.56
ㅇㅇ(pys419),pys419,1,164,1,0,0,0.56
시마무라,bjh860,1,159,0,0,0,0.56
ㅇㅇ(active5113),active5113,1,267,3,5,1,0.74
ㅇㅇ(faith0096),faith0096,1,230,0,6,4,1.28
ㅇㅇ(220.119),220.119,1,97,0,0,0,0.56
뭘보세요,painter7333,1,1800,48,4,3,1.1
ㅇㅇ(112.146),112.146,1,145,0,0,0,0.56
상주정병,rnrgall,1,118,0,2,0,0.56
ㅇㅇ(bill6565),bill6565,1,75,0,0,13,2.9
조희대,jingu3998,1,1297,22,10,0,0.56
메시(121.155),121.155,1,142,0,6,5,1.46
ㅇㅇ(thunder1641),thunder1641,1,113,0,0,0,0.56
ㅇㅇ(seat6713),seat6713,1,66,2,0,2,0.92
ㅇㅇ(163.239),163.239,1,234,1,12,0,0.56
바이비,kjpy3isgmu8t,1,108,1,0,0,0.56
ㅇㅇ(dpwqh7bjrs69),dpwqh7bjrs69,1,64,1,1,0,0.56
ㅇㅇ(alex1009),alex1009,1,130,0,0,5,1.46
ㅇㅇ(118.44),118.44,1,53,0,0,0,0.56
ㅇㅇ(218.38),218.38,1,75,0,0,0,0.56
ㅇㅇ(210.92),210.92,1,124,1,1,0,0.56
ㅇㅇ(lfg2024),lfg2024,1,74,2,0,0,0.56
슈퍼너드_리보,korscu21,1,46,0,0,0,0.56
ㅇㅇ(1.217),1.217,1,76,0,0,0,0.56
ㅇㅇ(actor9180),actor9180,1,55,3,0,1,0.74
ㅇㅇ(110.14),110.14,1,273,4,7,0,0.56
ㅇㅇ(175.206),175.206,1,162,0,1,0,0.56
ㅇㅇ(pear2386),pear2386,1,105,0,0,1,0.74
ㅇㅇ(lounge9202),lounge9202,1,180,4,0,0,0.56
8발롱대메갓(14.35),14.35,1,51,0,0,0,0.56
새붕이(211.62),211.62,1,127,1,0,49,9.38
ㅇㅇ(mega5098),mega5098,1,96,0,5,1,0.74
ㅇㅇ(goniyac),goniyac,1,53,0,0,0,0.56
RightOK,nygrz8ev6h3u,1,158,2,0,0,0.56
닉이거되나?,pzr688,1,67,0,1,11,2.54
ㅇㅇ(210.104),210.104,1,119,0,0,0,0.56
ㅇㅈ(110.14),110.14,1,261,3,5,0,0.56
어브리,abbreviate,1,45,0,0,0,0.56
행복전도사,concrete4318,1,63,1,0,1,0.74
배년,harrycane01,1,52,0,1,4,1.28
ㅇㅇ(121.132),121.132,1,138,7,0,0,0.56
ㅇㅇ(210.103),210.103,1,269,0,10,0,0.56
Fortaleza,amhcuah9awnb,1,376,1,5,3,1.1
ㅇㅇ(168.188),168.188,1,65,0,2,0,0.56
ㅇㅇ(oneself8444),oneself8444,1,224,0,4,0,0.56
ㅇㅇ(artist0914),artist0914,1,170,0,1,0,0.56
노가다목장갑,molsquito,1,51,0,0,23,4.7
ㅇㅇ(210.181),210.181,1,85,1,1,0,0.56
ㅇㅇ(180.226),180.226,1,283,2,0,0,0.56
ㅇㅇ(string4513),string4513,1,34,0,0,0,0.56
노무현,said3910,1,55,0,0,0,0.56
ㅇㅇ(officer6156),officer6156,1,290,4,4,0,0.56
ㅇㅇ(bd10249),bd10249,1,270,3,4,1,0.74
ㅇㅇ(goal6673),goal6673,1,73,0,0,0,0.56
ㅇㅇ(61.78),61.78,1,164,2,7,0,0.56
ㅇㅇ(223.195),223.195,1,86,0,0,0,0.56
ㅇㅇ(122.44),122.44,1,70,1,1,0,0.56
ㅇㅇ(pioneer5460),pioneer5460,1,79,0,0,1,0.74
ㅇㅇ(politics1408),politics1408,1,245,0,9,5,1.46
ㅇㅇ(221.163),221.163,1,74,0,0,0,0.56
ㅇㅇ(seldom4898),seldom4898,1,175,6,0,0,0.56
dd,qzpm1108,1,103,0,0,18,3.8
ㅅㅋ,antinomy123,1,113,0,2,1,0.74
ㅇㅇ(1.248),1.248,1,131,0,0,0,0.56
ㅇㅇ(jg0125j),jg0125j,1,112,1,1,2,0.92
ㅇㅇ(duck8470),duck8470,1,175,0,0,0,0.56
ㅇㅇ(211.51),211.51,1,133,0,2,0,0.56
노무현,opposite4316,1,142,0,5,0,0.56
ㅇㅇ(canihelp),canihelp,1,190,0,3,0,0.56
윤석열(210.110),210.110,1,165,2,7,2,0.92
ㅇㅇ(quote7545),quote7545,1,99,0,0,0,0.56
ㅇㅇ(rose7563),rose7563,1,112,3,1,2,0.92
ㅇㅇ(cowboy2222),cowboy2222,1,64,4,0,1,0.74
ㅇㅇ(115.93),115.93,1,47,0,0,0,0.56
(주)라인강철,search1066,1,83,0,0,0,0.56
보라별,tattoo7431,1,176,0,1,0,0.56
성혜(211.213),211.213,1,38,0,0,3,1.1
ㅇㅇ(blackj2021),blackj2021,1,116,1,2,0,0.56
ㅇㅇ(103.28),103.28,1,136,0,6,0,0.56
ㅇㅇ(track6698),track6698,1,132,1,1,0,0.56
ㅇㅇ(222.234),222.234,1,155,0,5,0,0.56
ㅇㅇ(223.54),223.54,1,130,1,1,0,0.56
한카의힘,gate1159,1,171,0,2,0,0.56
ㅇㅇ(vlptpe),vlptpe,1,106,3,0,2,0.92
ㅇㅇ(202.31),202.31,1,106,0,0,0,0.56
ㅇㅇ(183.97),183.97,1,157,2,6,0,0.56
ㅇㅇ(39.121),39.121,1,64,0,0,0,0.56
ㅇㅇ(116.46),116.46,1,100,1,0,0,0.56
하늘통,evaluate2634,1,177,0,6,1,0.74
ㅇㅇ(scissors3135),scissors3135,1,173,1,4,6,1.64
ㅇㅇ(125.134),125.134,1,45,0,0,0,0.56
Don_Quixote,clear0858,1,208,0,16,4,1.28
ㅇㅇ(116.126),116.126,1,97,0,1,0,0.56
ㅇㅇ(jkjdr),jkjdr,1,139,0,4,0,0.56
ㅇㅇ(112.184),112.184,1,154,0,10,0,0.56
ㅇㅇ(103.219),103.219,1,130,0,2,0,0.56
더불어국가사회주의,erichnazism,1,161,0,3,1,0.74
영웅님호위무사,equality6353,1,235,0,2,1,0.74
황근츄르,discover0319,1,77,0,0,20,4.16
낭만증권,option3732,1,486,15,2,0,0.56
kichigay,nick1012,1,72,1,0,31,6.14
ㅇㅇ(renpy),renpy,1,114,0,1,0,0.56
ㅡ(218.147),218.147,1,225,6,12,8,2.0
ㅇㅇ(106.255),106.255,1,135,0,2,0,0.56
ㅇㅇ(taxi0938),taxi0938,1,133,0,4,1,0.74
ㅇㅇ(59.21),59.21,1,1581,32,5,0,0.56
ㅇㅇ(27.176),27.176,1,152,1,3,0,0.56
ㅇㅇ(210.108),210.108,1,70,0,0,0,0.56
ㅇㅇ(refund8142),refund8142,1,147,6,4,6,1.64
난해한에로티즘입문,salary5834,1,110,0,2,0,0.56
ㅇㅇ(scroll8985),scroll8985,1,86,0,0,0,0.56
ㅇㅇ(222.113),222.113,1,98,0,0,0,0.56
ㅇㅇ(kanzume),kanzume,1,31,0,0,13,2.9
L갤러(58.141),58.141,1,264,0,3,0,0.56
Odv,tribunal,1,342,0,5,1,0.74
ㅇㅇ(119.202),119.202,1,247,0,7,0,0.56
ㅇㄴ(14.44),14.44,1,59,0,0,2,0.92
ㅇㅇ(wing4149),wing4149,1,57,0,0,0,0.56
ㅇㅇ(agreed5914),agreed5914,1,136,1,4,1,0.74
ㅇㅇ(218.155),218.155,1,299,4,6,0,0.56
인스파이어링,wish6833,1,150,1,2,1,0.74
ㅁㅁ(222.109),222.109,1,120,0,5,2,0.92
ㅇㅇ(duty1636),duty1636,1,1407,32,9,1,0.74
포미즈,pariset1903,1,186,3,3,0,0.56
ㅇㅇ(alarm1802),alarm1802,1,464,0,16,6,1.64
코왕,manage1984,1,248,3,3,1,0.74
ㅇㅇ(119.71),119.71,1,214,1,2,0,0.56
zipo,instruct2782,1,85,3,0,5,1.46
ㅇㅇ(click4448),click4448,1,164,2,1,1,0.74
ㅇㅇ(121.158),121.158,1,336,0,3,0,0.56
ㅇㅇ(paper9662),paper9662,1,178,0,2,0,0.56
ㅇㅇ(61.83),61.83,1,108,1,1,0,0.56
ㅇㅇ(whisper1483),whisper1483,1,218,2,14,0,0.56
수현찐팬(118.129),118.129,1,79,1,0,0,0.56
ㅋㅋ,loose7068,1,93,1,1,0,0.56
ㅇㅇ(bxl50lkxobvg),bxl50lkxobvg,1,139,3,0,10,2.36
우리개는박격포를쏴요,obethechild,1,138,2,1,4,1.28
ㅇㅇ(1.226),1.226,1,87,1,2,0,0.56
ㅇㅇ(121.66),121.66,1,109,2,1,0,0.56
무지성이면감천(1.239),1.239,1,142,2,0,0,0.56
ㅇㅇ(suspect8450),suspect8450,1,54,0,0,8,2.0
ㅇㅇ(fqtfa5ykft96),fqtfa5ykft96,1,160,1,9,6,1.64
폴라니,znfhtkzlzhdbzl,1,103,0,5,9,2.18
ㅇㅇ(218.145),218.145,1,200,6,4,0,0.56
ASUKA,anseehoon2592,1,75,1,1,12,2.72
ㅇㅇ(charming3427),charming3427,1,122,2,9,3,1.1
■x,tro21,1,157,1,1,4,1.28
ㅇㅇ(major7069),major7069,1,346,0,20,3,1.1
ㅇㅇ(enjoy3387),enjoy3387,1,136,2,3,0,0.56
ㅇㅇ(211.206),211.206,1,99,1,0,0,0.56
ㅇㅇ(swift5487),swift5487,1,210,2,2,1,0.74
무라쿠,noble2089,1,96,3,0,1,0.74
루시나_쿠시나다,rural2320,1,224,3,5,13,2.9
ㅇㅇ(121.151),121.151,1,95,0,1,0,0.56
ㅇㅇ(211.171),211.171,1,68,0,0,0,0.56
중대생이고 싶은(61.38),61.38,1,229,0,7,0,0.56
ㅇㅇ(220.73),220.73,1,155,0,1,0,0.56
ㅇㅇ(filter8900),filter8900,1,1224,20,7,3,1.1
ㅇㅇ(211.250),211.250,1,219,0,1,0,0.56
ㅇㅇ(223.39),knit9260,1,46,0,0,4,1.28
ㅇㅇ(someone4179),someone4179,1,86,2,0,0,0.56
ㅇㅇ(121.189),121.189,1,38,0,1,0,0.56
ㅇㅇ(beyond2321),beyond2321,1,124,3,0,0,0.56
ㅇㅇ(118.35),118.35,1,32,0,0,0,0.56
ㅇㅇ(rich6853),rich6853,1,181,1,7,3,1.1
5분대기조,rkwlwjs,1,150,1,2,0,0.56
아롱다리,english5734,1,171,0,1,12,2.72
ㅇㅇ(particle3676),particle3676,1,186,0,0,0,0.56
윤하팬이면윤하갤로와,scope3013,1,47,0,0,0,0.56
ㅇㅇ(210.222),210.222,1,148,0,11,0,0.56
ㅇㅇ(121.171),121.171,1,240,3,4,0,0.56
ㅇㅇ(112.159),112.159,1,233,0,3,0,0.56
마린이(211.221),211.221,1,282,2,5,5,1.46
우우(182.220),182.220,1,126,1,3,0,0.56
주따닥,fifth9477,1,190,0,5,2,0.92
ㅇㅇ(221.143),221.143,1,429,4,4,0,0.56
벅차오른찐따,mother1351,1,247,8,2,0,0.56
ㅇㅇ(61.35),61.35,1,108,1,0,0,0.56
9700,pseudoajj,1,124,0,2,0,0.56
테스형,eighth7509,1,185,3,1,0,0.56
ㅇㅇ(stem0802),stem0802,1,163,0,4,1,0.74
ㅇㅇ(fine4157),fine4157,1,323,16,4,1,0.74
ㅇㅇ(115.71),115.71,1,158,0,3,0,0.56
킨더,reporter6037,1,229,6,2,0,0.56
ㅇㅇ(125.248),125.248,1,81,0,1,0,0.56
파스,therapy3679,1,121,0,1,0,0.56
ㅇㅇ(222.232),222.232,1,171,2,1,0,0.56
ㅁㅁ,scatter4509,1,111,2,0,0,0.56
ㅇㅇ(183.107),183.107,1,76,1,0,0,0.56
서초1동,kunkuk0208,1,130,0,1,0,0.56
통기레스,arrow4329,1,46,0,0,1,0.74
ㅇㅇ(117.110),117.110,1,153,0,4,0,0.56
ㅇㅇ(teens5118),teens5118,1,92,0,2,27,5.42
ㅇㅇ(bath8624),bath8624,1,96,0,2,0,0.56
ㅇㅇ(211.35),211.35,1,101,0,0,0,0.56
ㅇㅇ(fare0434),fare0434,1,170,7,0,2,0.92
ㅇㅇ(pupil3315),pupil3315,1,99,1,0,2,0.92
ㅇㅇㅇ(175.197),175.197,1,354,4,5,0,0.56
ㅇㅇ(dprtt2),dprtt2,1,143,0,1,0,0.56
텡그리카간,exchange0693,1,38,0,0,0,0.56
고뜌(218.234),218.234,1,281,1,4,0,0.56
ㅇㅇ(email2700),email2700,1,172,0,3,0,0.56
ㅇㅇ(ending6535),ending6535,1,66,0,0,0,0.56
57391pg,column8908,1,336,8,4,0,0.56
ㅇㅇ(124.63),124.63,1,51,0,0,0,0.56
ㅇㅇ(boat8898),boat8898,1,309,4,2,0,0.56
게신당을살,screw2163,1,2477,34,15,4,1.28
ㅇㅇ(58.234),58.234,1,63,0,0,0,0.56
ㅇㅇ(123.141),123.141,1,113,0,6,0,0.56
Kundur,answer8559,1,1258,22,12,3,1.1
라우트,dirt0631,1,144,1,1,6,1.64
ㅇㅇ(1.240),1.240,1,164,2,1,0,0.56
ㅇㅇ(labor8246),labor8246,1,153,1,6,2,0.92
ㅇㅇ(premium6550),premium6550,1,70,0,0,1,0.74
ㅇㅇ(average5453),average5453,1,1335,15,6,0,0.56
왜코드를줄이지않는거지(115.88),115.88,1,31,0,0,0,0.56
ㅇㅇ(58.65),58.65,1,112,2,0,0,0.56
ㅇㅇ(118.130),118.130,1,313,0,4,0,0.56
ㅇㅇ(112.212),112.212,1,214,0,3,0,0.56
ㅇㅇ(shock4584),shock4584,1,92,0,0,0,0.56
ㅇㅇ(116.44),116.44,1,99,1,0,0,0.56
새보수(58.237),58.237,1,128,1,0,0,0.56
ㅇㅇ(121.177),121.177,1,154,0,7,0,0.56
ㅇㅇ(hope2329),hope2329,1,41,0,0,0,0.56
ㅇㅇ(chat3276),chat3276,1,208,3,2,15,3.26
ㅇㅇ(112.144),112.144,1,78,0,0,0,0.56
RESCENE_MINAMI,butterflyandcats,1,250,0,7,3,1.1
ㅇㅇ(175.201),175.201,1,131,0,0,0,0.56
새붕이(222.109),222.109,1,62,1,0,0,0.56
부공,mkt30man,1,210,3,7,0,0.56
ㅇㅇ(1.215),1.215,1,139,0,1,0,0.56
파란색칩,abcd43,1,101,2,0,14,3.08
ㅇㅇ(211.213),211.213,1,88,0,10,0,0.56
ㅇㅇ(103.237),103.237,1,156,0,1,0,0.56
ㅇㅇ(look2286),look2286,1,148,3,0,16,3.44
ㅇㅇ(122.32),122.32,1,117,0,1,0,0.56
ㅇㅇ(59.27),59.27,1,182,1,1,0,0.56
오보코도,pupil1262,1,245,4,6,18,3.8
ㅇㅇ(125.137),125.137,1,145,0,1,0,0.56
ㅇㅇ(218.154),218.154,1,218,1,1,0,0.56
캄보디아,delicate6483,1,137,0,0,0,0.56
맛스타해외승인,korea74,1,124,0,0,5,1.46
ㅇㅇ(tttt9999),tttt9999,1,380,1,6,0,0.56
ㅇㅇ(1qaqx2lvaj1c),1qaqx2lvaj1c,1,2554,42,14,0,0.56
ㅇㅇ(59.22),59.22,1,132,0,5,0,0.56
우리집까마귀(121.128),121.128,1,135,0,7,2,0.92
ㅇㅇ(beauty9639),beauty9639,1,50,0,0,0,0.56
축신메시(122.40),122.40,1,71,0,1,0,0.56
ㅇㅇ(222.239),222.239,1,114,0,4,0,0.56
일레이나,lee324100,1,100,3,1,4,1.28
ㅇㅇ(124.216),124.216,1,69,1,0,0,0.56
ㅇㅇ(42.26),42.26,1,114,0,0,0,0.56
랭커,rank0825,1,57,0,0,0,0.56
Ss(218.154),218.154,1,175,1,1,0,0.56
ㅇㅇ(121.65),121.65,1,146,0,4,0,0.56
레인지로버,asia0346,1,125,0,1,0,0.56
ㅇㅇ(183.102),183.102,1,120,0,3,0,0.56
ㅇㅇ(goodness9666),goodness9666,1,80,0,2,1,0.74
ㅇㅇ(223.165),223.165,1,164,3,2,0,0.56
한수영,cabin1481,1,136,0,1,0,0.56
ㅇ(222.232),222.232,1,174,0,3,12,2.72
ㅇㅇ(nutrient9997),nutrient9997,1,106,0,3,0,0.56
ㅇㅇ(1.245),1.245,1,117,3,0,0,0.56
ㅇㅇ(ride2092),ride2092,1,174,0,5,0,0.56
ㅇㅇ(112.164),112.164,1,75,0,0,0,0.56
ㅇㅇ(salty3866),salty3866,1,1492,0,2,1,0.74
ㅇㅇ(180.134),180.134,1,74,0,0,0,0.56
ㅇㅇ(catch5251),catch5251,1,139,5,1,3,1.1
선거,election0545,1,283,1,10,5,1.46
해물짬뽕,dolnim1122,1,196,0,5,0,0.56
ㅇㅇ(27.35),27.35,1,65,0,0,0,0.56
ㅇㅇ(124.150),124.150,1,193,1,4,0,0.56
ㅁㅁ,newyorkgayiscute,1,108,3,6,0,0.56
ㅇㅇ(14.46),14.46,1,104,0,2,0,0.56
ㅇㅇ(182.217),182.217,1,155,0,5,0,0.56
ㄱㅋ(175.213),175.213,1,152,0,1,0,0.56
ㅇㅇ(219.251),219.251,1,157,0,1,0,0.56
HabsBurger,someguy7861,1,1735,63,21,3,1.1
ㅇㅇ(mason6974),mason6974,1,8,0,0,0,0.56
ㅇㅇ(oofoof),oofoof,1,98,2,0,0,0.56
Schwarzenberg,ckkim0103,1,238,0,2,0,0.56
묵훈,tkdqor00,1,299,0,0,5,1.46
ㅇㅇ(175.121),175.121,1,324,8,1,0,0.56
ㅇㅇ(175.223),175.223,1,151,1,0,0,0.56
아이시훕스,defend9980,1,160,2,2,2,0.92
ㅇㅇ(218.159),218.159,1,204,0,4,0,0.56
한현사,gltmxhfldk,1,3060,48,21,4,1.28
ㅇㅇ(master4444),master4444,1,7,0,0,0,0.56
정치평론가(203.128),203.128,1,217,1,4,0,0.56
Tickers,tale6738,1,1564,24,4,0,0.56
ㅇㅇ(cable4021),cable4021,1,107,0,2,1,0.74
ㅁㄴㅇㄹ(211.112),211.112,1,85,1,0,0,0.56
ㅇㅇ(175.205),175.205,1,82,0,0,0,0.56
ㅇㅇ(122.37),122.37,1,387,0,20,0,0.56
ㅇㅇ(dispose9788),dispose9788,1,112,0,1,4,1.28
ㅇㅇ(58.124),58.124,1,66,0,0,0,0.56
하늘막이,airds990723,1,105,0,0,0,0.56
ㅇㅇ(163.152),163.152,1,111,0,0,0,0.56
ㅇㅇ(1.252),1.252,1,140,1,0,0,0.56
ㅇㅇ(cusssid),cusssid,1,143,0,2,6,1.64
ㅇㅇ(115.41),115.41,1,109,0,1,0,0.56
ㅇㅇ(monthl5263),monthl5263,1,102,0,1,0,0.56
tpptpp,tpptpp,1,141,0,6,1,0.74
무료해요,efdl48ajsy2u,1,352,1,6,0,0.56
REIFAN,sinhan1326,1,55,0,0,1,0.74
ㅇㅇ(hunter0095),hunter0095,1,105,1,1,0,0.56
ㅇㅇ(preach5487),preach5487,1,64,0,1,0,0.56
ㅇㅇ(digest1994),digest1994,1,64,0,2,1,0.74
테살로니키,erase3237,1,210,0,4,1,0.74
Ghj,october2672,1,201,3,2,1,0.74
ㅇㅇ(hour2610),hour2610,1,158,0,0,0,0.56
ㅇㅇ(222.96),222.96,1,180,3,1,0,0.56
ㅇㅇ(monthl9408),monthl9408,1,74,0,0,26,5.24
ㅇㅇ(222.106),222.106,1,109,1,2,0,0.56
ㅇㅇ(skirt5365),skirt5365,1,238,0,6,3,1.1
ㅇㅇ(aquarium4986),aquarium4986,1,203,2,4,0,0.56
ㅇㅇ(clone19),clone19,1,120,0,4,0,0.56
ㅇㅇㅇ(183.108),183.108,1,240,0,2,0,0.56
ㅇㅇ(147.46),147.46,1,214,0,2,0,0.56
깨준이,verse3890,1,3212,63,70,30,5.96
ㅇㅇ(intense0236),intense0236,1,100,1,0,0,0.56
ㅇㅇ(121.152),121.152,1,177,4,23,0,0.56
제국치킨감찰총감겸제국사골곰탕대총장,blois1444,1,70,2,1,5,1.46
ㅇㅇ(39.120),39.120,1,62,0,1,0,0.56
ㅇㅇ(175.28),175.28,1,196,0,3,0,0.56
세종대졸업생,reliable4551,1,171,1,8,2,0.92
서래씨,view8317,1,2276,38,29,7,1.82
ㅇㅇ(116.45),116.45,1,145,0,1,0,0.56
ㅇㅇ(211.116),211.116,1,215,0,2,0,0.56
ㅇㅇ(smart1500),smart1500,1,276,0,4,2,0.92
ㅇㅇ(61.247),61.247,1,271,0,3,0,0.56
ㅇㅅㅇ,jdjd0108,1,1197,22,23,6,1.64
아스파타,compact6684,1,166,0,4,2,0.92
ㅇㅇ(draft5178),draft5178,1,1908,30,16,0,0.56
ㅇㅇ(tower1483),tower1483,1,182,1,8,4,1.28
ㅇㅇ(27.169),27.169,1,222,0,4,0,0.56
ㅇㅇ(criteria6909),criteria6909,1,158,3,0,0,0.56
ㅇㅇ(221.141),221.141,1,268,1,6,0,0.56
ㅇㅇ(bird0738),bird0738,1,144,0,1,7,1.82
ㅇㅇ(210.183),210.183,1,101,0,1,0,0.56
ㅇㅇ(222.120),222.120,1,101,0,0,0,0.56
ㅇㅇ(hide2301),hide2301,1,109,0,5,2,0.92
ㅇㅇ(abort7329),abort7329,1,102,0,0,0,0.56
루팡,marathon4442,1,2477,52,17,1,0.74
ㅇㅇ(ambanddes),ambanddes,1,217,1,4,3,1.1
원화가치폭락,beneath1767,1,297,0,5,0,0.56
GTA,miggi8655,1,97,0,2,0,0.56
ㅇㅇ(accident4134),accident4134,1,88,0,0,0,0.56
ㅇㅇ(agree8750),agree8750,1,58,0,0,0,0.56
ㅇㅇ(203.248),203.248,1,45,0,0,0,0.56
ㅇㅇ(211.207),211.207,1,107,0,4,0,0.56
1234(211.168),211.168,1,119,0,7,0,0.56
ㅇㅇ(concern3682),concern3682,1,355,0,8,6,1.64
ㅇㅇ(zdwwd8nte6sc),zdwwd8nte6sc,1,236,1,2,1,0.74
ㅇㅇ(pattern5000),pattern5000,1,108,0,3,0,0.56
ㅇㅇ(asia655),asia655,1,60,0,0,2,0.92
ㅇㅇ(182.224),182.224,1,112,0,0,0,0.56
ㅇㅇ(220.92),220.92,1,153,0,1,0,0.56
자유와이성,lgc05,1,41,0,0,1,0.74
ㅇㅇ(49.175),49.175,1,234,13,3,0,0.56
ㅇㅁ,pianist4777,1,209,0,5,0,0.56
ㅇㅇ(sidewalk0893),sidewalk0893,1,127,0,2,1,0.74
ㅇㅇ(203.236),203.236,1,145,0,8,0,0.56
ㅇㅇ(223.121),223.121,1,191,0,1,0,0.56
ㅇㅇ(kakania),kakania,1,221,5,8,4,1.28
ㅇㅇ(39.116),39.116,1,246,5,8,0,0.56
ㅇㅇ(kimsggg),kimsggg,1,254,0,2,0,0.56
라라.,ricket1,1,23396,561,201,0,0.56
.(175.116),175.116,1,225,1,2,4,1.28
ㅇㅇ(123.111),123.111,1,125,1,2,0,0.56
oo(112.76),112.76,1,170,3,4,9,2.18
ㅇㅇ(chef5169),chef5169,1,131,1,2,0,0.56
투표설문조사,cnv123llykr,1,68,1,0,0,0.56
천하무적샹크스(222.233),222.233,1,91,0,2,0,0.56
ㅇㅇ(112.161),112.161,1,118,3,0,0,0.56
정갤문학,vision3015,1,55,0,0,0,0.56
신롬변호사,crowded2216,1,2464,26,9,1,0.74
수현찐팬(211.169),211.169,1,79,2,1,0,0.56
ㅇㅇ(abc08),abc08,1,188,0,1,0,0.56
웱뷁,stals2000,1,84,0,0,3,1.1
ㅇㅇ(pik12),pik12,1,68,0,0,0,0.56
ㅇㅇ(182.230),182.230,1,39,0,0,0,0.56
ㅇㅇ(221.156),221.156,1,1212,28,22,0,0.56
ㅇㅇ(218.49),218.49,1,95,0,0,0,0.56
ㅇㅇ(110.12),110.12,1,187,0,8,0,0.56
수산업협동조합,rudolfhitler,1,134,0,8,1,0.74
ㅇㅇ(220.76),220.76,1,60,0,0,0,0.56
ㅇㅇ(visual4339),visual4339,1,800,30,11,2,0.92
vktmxk,oven0221,1,79,0,0,0,0.56
풋바오,sixth9911,1,64,0,0,0,0.56
새보수0119,declare8871,1,113,0,2,0,0.56
ㅇㅇ(203.228),203.228,1,60,0,0,0,0.56
ㅇㅇ(39.124),39.124,1,149,0,3,0,0.56
KaLi,hope4512,1,96,0,2,1,0.74
ㅇㅇ(look1621),look1621,1,156,0,3,1,0.74
STARDUST00,intimate5735,1,69,0,7,8,2.0
ㅇㅇ(220.89),220.89,1,87,1,1,0,0.56
하루카스,c6qxm0pg8udv,1,638,22,16,0,0.56
ㅇㅇ(kital77),kital77,1,171,0,2,1,0.74
ㅇㅇ(220.83),220.83,1,270,1,2,0,0.56
라우디러프보이,rowdyruffboys,1,60,0,0,0,0.56
ㅇㅇ(58.126),58.126,1,117,1,1,0,0.56
ㅇㅇ(harvest4116),harvest4116,1,69,0,1,0,0.56
ㅇㅇ(183.78),183.78,1,71,0,0,0,0.56
ㅁㅁ(126.157),126.157,1,67,0,0,0,0.56
ㅇㅇ(27.113),27.113,1,379,1,3,0,0.56
ㅇㅇ(112.162),112.162,1,448,0,2,0,0.56
ㅇㅇ(document8186),document8186,1,105,0,0,10,2.36
정지,jim21711,1,376,0,4,119,21.98
ㅇㅇ(115.136),115.136,1,199,1,5,0,0.56
ㅇㅇ(sidewalk0107),sidewalk0107,1,37,0,0,1,0.74
ㅃㅃㅃㅃ(182.220),182.220,1,50,0,0,0,0.56
ㅇㅇ(wzrq6u4f9izu),wzrq6u4f9izu,1,402,13,8,0,0.56
ㅇㅇ(123.213),123.213,1,64,0,0,0,0.56
스라미,command0514,1,103,0,5,1,0.74
피카츄물뿌리개,sangmin5886,1,1317,22,7,1,0.74
ㅇㅇ(58.226),58.226,1,231,3,8,0,0.56
ㅇㅇ(14.54),14.54,1,119,0,7,0,0.56
ㅇㅇ(183.105),183.105,1,167,4,2,0,0.56
ㅇㅇ(brown9006),brown9006,1,102,4,4,0,0.56
ㅇㄴ(114.200),114.200,1,118,2,0,0,0.56
ㅇㅇ(221.138),221.138,1,157,0,1,0,0.56
ㅇㅇ(bother5377),bother5377,1,209,2,5,0,0.56
ㅇㅇ(adoberiver),adoberiver,1,179,0,5,2,0.92
새로운한국당,jsjoon0415,1,398,6,3,0,0.56
눈누난나(182.220),182.220,1,67,0,1,0,0.56
씨벌교황,aeonblasts,1,54,0,0,0,0.56
ㅇㅇ(123.142),123.142,1,142,0,0,0,0.56
ㅇㅇ(112.133),112.133,1,179,0,5,0,0.56
북퀸,mosy486,1,78,0,4,1,0.74
ㅇㅇ(insure1895),insure1895,1,46,0,0,0,0.56
ㄴㄷㅅ(49.143),49.143,1,215,3,1,1,0.74
MadWife,kp2170,1,114,0,6,3,1.1
duddk06(221.155),221.155,1,91,0,0,0,0.56
ㅇㅇ(broken2194),broken2194,1,126,0,2,3,1.1
제로콜라,cousin5275,1,146,0,0,0,0.56
ㅇㅇ(someone4709),someone4709,1,80,0,0,0,0.56
ㅇㅇ(27.117),27.117,1,60,0,0,0,0.56
시사이슈,9frzqxy0gh2y,1,306,11,9,0,0.56
ㅇㅇ(211.246),211.246,1,357,10,5,0,0.56
ㅇㅇ(imperial4638),imperial4638,1,161,0,5,1,0.74
ㅇㅇ(180.70),180.70,1,92,0,1,0,0.56
ㅇㅇ(141.223),141.223,1,151,3,1,0,0.56
ㅇㅇ(221.139),221.139,1,71,1,0,0,0.56
ㅇㅇ(175.212),175.212,1,138,0,6,0,0.56
어쩌라고(220.87),220.87,1,147,0,1,0,0.56
G8KR,andrea0829,1,252,2,7,3,1.1
헤헤,genius6761,1,100,2,0,0,0.56
동래,today4307,1,168,3,6,1,0.74
ㅇㅇ(prior2564),prior2564,1,1828,43,2,1,0.74
.(121.177),121.177,1,266,0,6,0,0.56
게코모니아,bitter7274,1,77,0,0,3,1.1
ㅇㅇ(115.20),115.20,1,62,0,1,0,0.56
ㅇㅇ(yellow6012),yellow6012,1,126,1,1,9,2.18
ㅇㅇ(58.237),58.237,1,290,0,14,0,0.56
마크인,anth1216,1,1584,24,6,1,0.74
ㅇㅇ(yellow2194),yellow2194,1,154,0,4,0,0.56
ㅇㅇ(speed6656),speed6656,1,149,0,2,0,0.56
김일성,panic2701,1,54,0,1,22,4.52
ㅇㅇ(1lmrhadl4swl),1lmrhadl4swl,1,84,3,1,0,0.56
ㅇㅇ(211.58),211.58,1,79,0,1,0,0.56
ㅇㅇ(criteria1358),criteria1358,1,59,0,0,0,0.56
StarryLife,owkm5xaolzh3,1,2482,24,31,0,0.56
ㅇㅇ(115.95),115.95,1,1541,36,2,0,0.56
ㅇㅇ(219.254),219.254,1,64,0,0,0,0.56
ㅇㅇ(175.117),175.117,1,151,0,2,0,0.56
ㅇㅇ(211.201),211.201,1,87,0,0,0,0.56
ㅇㅇ(106.130),106.130,1,227,10,6,0,0.56
ㅇㅇ(113.52),113.52,1,127,0,1,0,0.56
다카이치사나에,aspire2525,1,468,13,7,13,2.9
풍향,musician6640,1,143,0,1,12,2.72
ㅇㅇ(democraz),democraz,1,138,0,2,2,0.92
ㅇㅇ(27.164),27.164,1,259,2,2,0,0.56
축신메갓(221.148),221.148,1,327,5,5,0,0.56
ㅇㅇ(1.243),1.243,1,64,0,0,0,0.56
ㅇㅇ(175.126),175.126,1,245,1,2,0,0.56
ㅇㅇ(dbskdlxlem),dbskdlxlem,1,197,1,5,0,0.56
ㅇㅇ(119.66),119.66,1,69,0,0,0,0.56
ㅇㅇ(1.209),1.209,1,165,0,1,0,0.56
학생회,gkfpa33,1,178,1,3,0,0.56
ㅇㅇ(14.50),14.50,1,198,0,2,0,0.56
ㅇㅇ(211.178),211.178,1,1409,34,7,0,0.56
ㅇㅇ(58.149),58.149,1,66,0,0,0,0.56
수현찐팬(123.141),123.141,1,67,1,0,0,0.56
ㅇㅇ(artist9889),artist9889,1,192,0,0,2,0.92
ㅇㅇ(snail3885),snail3885,1,77,0,0,0,0.56
ㅇㅇ(customs0117),customs0117,1,303,5,4,0,0.56
죽비,optical9761,1,228,3,2,1,0.74
ㅇㅇ(painful7962),painful7962,1,144,1,1,0,0.56
오붕이(183.109),183.109,1,76,0,0,0,0.56
훈남노노봉,awesomekang,1,103,0,0,0,0.56
엔슈R,greet9446,1,174,0,11,2,0.92
ㅇㅇ(119.200),119.200,1,172,0,7,0,0.56
ㅇㅇ(180.83),180.83,1,78,0,5,0,0.56
ㅇㅇ(either3563),either3563,1,67,0,0,0,0.56
ㅇㅇ(produce9519),produce9519,1,136,0,2,2,0.92
ㅇㅇ(49.169),49.169,1,103,0,1,0,0.56
ㅇㅇ(accurate8817),accurate8817,1,200,3,1,0,0.56
리틀풋,locker6865,1,175,0,7,1,0.74
SaetByeol,hjsirer,1,152,0,2,1,0.74
ㅇㅇ(203.230),203.230,1,126,0,1,0,0.56
보신탕이 쓱마크되었네(211.60),211.60,1,59,0,1,0,0.56
231(121.181),121.181,1,264,3,24,0,0.56
디시용,bucket6045,1,220,1,7,3,1.1
ㅇㅇ(116.125),116.125,1,65,0,0,0,0.56
ㅇㅇ(39.112),39.112,1,232,0,3,0,0.56
두창찢아웃,abort9197,1,90,2,0,6,1.64
ㅇㅇ(116.124),116.124,1,72,2,0,0,0.56
조선제일호랑이(222.111),222.111,1,170,6,1,3,1.1
Luxor,nefarius,1,220,3,2,7,1.82
ㅇㅇ(magist666),magist666,1,217,0,7,2,0.92
ㅇㅇ(1.232),1.232,1,53,0,0,0,0.56
ㅇㅇ(175.204),175.204,1,123,0,0,0,0.56
시나시나비르시나,carsick6618,1,136,0,2,1,0.74
ㅇㅇ(180.64),180.64,1,160,0,2,0,0.56
nba933355,exact9419,1,151,2,0,0,0.56
Bravo17D7VF,cereal7155,1,70,0,0,0,0.56
…(121.186),121.186,1,188,1,1,0,0.56
ㅇㅇ(december8602),december8602,1,91,0,0,0,0.56
ㅇㅇ(komara14),komara14,1,71,0,0,45,8.66
ㅇㅇ(180.230),180.230,1,99,0,2,0,0.56
ㅇㅇ(delivery8027),delivery8027,1,133,2,3,0,0.56
ㅇㅇ(114.129),114.129,1,47,1,0,0,0.56
ㅇㅇ(121.64),121.64,1,163,1,10,0,0.56
ㅇㅇ(money2028),money2028,1,57,0,0,0,0.56
ㅇㅇ(diamond9546),diamond9546,1,480,16,3,80,14.96
ㅇㅇ(supper3424),supper3424,1,107,1,0,4,1.28
양재대로,peoplepowerparty21,1,1177,15,8,4,1.28
무모함,sofa4844,1,35,1,0,0,0.56
ㅇㅇ(mere9226),mere9226,1,216,0,4,4,1.28
ㅇㅇ(entrance1543),entrance1543,1,199,8,1,1,0.74
ㅇㅇ(chubby5928),chubby5928,1,100,0,3,0,0.56
ㅇㅇ(210.100),210.100,1,126,1,4,0,0.56
몽구스펀치,alpha6031,1,124,0,2,3,1.1
ㅇㅇ(building7905),building7905,1,100,6,0,6,1.64
ㅇㅇ(southern2553),southern2553,1,81,2,0,0,0.56
ㅇㅇ(221.157),221.157,1,197,0,1,0,0.56
ㅇㅇ(insure6672),insure6672,1,127,0,8,6,1.64
ㅇㅇ(range1596),range1596,1,73,0,3,1,0.74
ㅇㅇ(teaching7733),teaching7733,1,58,0,2,4,1.28
ㅇㅇ(182.237),182.237,1,92,0,1,0,0.56
ㅇㅇ(128.134),128.134,1,57,0,1,0,0.56
ㅇㅇ(211.186),211.186,1,49,0,0,0,0.56
ㅇㅇ(211.55),211.55,1,130,0,6,0,0.56
저공비행세계기록,show500000,1,172,0,5,9,2.18
ㅇㅇ(thirst1081),thirst1081,1,213,9,3,1,0.74
따뜻한아이스아메리카노,occur2921,1,355,3,6,4,1.28
ㅇㅇ(question4484),question4484,1,203,1,1,0,0.56
ㅇㅇ(landmark8427),landmark8427,1,126,0,3,1,0.74
ㅇㅇ(eldest3396),eldest3396,1,76,0,0,0,0.56
ㅇㅇ(insure8222),insure8222,1,75,0,4,2,0.92
ㅇㅇ(211.204),211.204,1,171,0,3,0,0.56
ㅇㅇ(qpwo1345),qpwo1345,1,67,0,9,7,1.82
ㅇㅇ(habit5121),habit5121,1,92,0,0,1,0.74
ㅇㅇ(218.144),218.144,1,1574,36,13,0,0.56
챔무,fxddgvmxd7cl,1,185,7,2,1,0.74
ㅇㅇ(118.39),118.39,1,126,0,0,0,0.56
ㅇㅇ(59.10),59.10,1,89,1,0,0,0.56
ㅇㅇ(price8237),price8237,1,89,2,0,0,0.56
ㅇㅇ(ancient3398),ancient3398,1,59,0,0,5,1.46
ensemble,6uwpbcbyfwzn,1,85,0,0,47,9.02
ㅇㅇ(crown0215),crown0215,1,276,8,2,81,15.14
이서성한,nius8521,1,101,0,1,0,0.56
Ywzji,tjsej2100,1,78,0,0,0,0.56
이석원,usiminnet,1,100,0,2,24,4.88
ㅇㅇ(sistar37),sistar37,1,217,0,5,0,0.56
ㅇㅇ(fast8229),fast8229,0,0,0,0,5,0.9
ㅇㅇ(cvn74),cvn74,0,0,0,0,1,0.18
ㅇㅇ(tmz1dx61kr51),tmz1dx61kr51,0,0,0,0,2,0.36
Nove,amn234,0,0,0,0,1,0.18
마갤폭격기abc,abcd12344567,0,0,0,0,1,0.18
ㅇㅇ(jaegerjae),jaegerjae,0,0,0,0,9,1.62
oo,aaa1542,0,0,0,0,1,0.18
성은채,ppmtp3pmf4c1,0,0,0,0,2,0.36
ㅇㅇ(maximum5501),maximum5501,0,0,0,0,1,0.18
saebo,saebo,0,0,0,0,3,0.54
가리내,hg0223,0,0,0,0,1,0.18
ㅇㅇ(crisp6920),crisp6920,0,0,0,0,1,0.18
Flugel,orcman5454,0,0,0,0,1,0.18
ㅇㅇ(r42tokzz56x3),r42tokzz56x3,0,0,0,0,51,9.18
OO(175.203),175.203,0,0,0,0,49,8.82
ㅇㅇ(health3978),health3978,0,0,0,0,9,1.62
ㅇㅇ(random3907),random3907,0,0,0,0,12,2.16
ㅇㅇ(gus576402),gus576402,0,0,0,0,2,0.36
PCC-,gk1988,0,0,0,0,1,0.18
준루미나티,galmaa,0,0,0,0,1,0.18
ㅇㅇ(tamkench12345678),tamkench12345678,0,0,0,0,1,0.18
ㅇㅇ(gent36),gent36,0,0,0,0,1,0.18
리플루,silver3441,0,0,0,0,1,0.18
하얀다래,baalbaal,0,0,0,0,1,0.18
ㅇㅇ(rock2348),rock2348,0,0,0,0,22,3.96
ㅇㅇ(racial2362),racial2362,0,0,0,0,41,7.38
Chlorophyll,sujoon0405,0,0,0,0,67,12.06
ㅇㅇ(girl3697),girl3697,0,0,0,0,14,2.52
lomulomu,fine7867,0,0,0,0,323,58.14
제목내용불일치,solve4095,0,0,0,0,1,0.18
브라이언음뵈모,total7502,0,0,0,0,22,3.96
ㅇㅇ(deprive3828),deprive3828,0,0,0,0,1,0.18
펨코정치최민희,long0280,0,0,0,0,1,0.18
ㅇㅇ(burnass03),burnass03,0,0,0,0,2,0.36
수원특례시,catosaurus,0,0,0,0,3,0.54
ㅇㅇ(reverse2535),reverse2535,0,0,0,0,3,0.54
ㅇㅇ(hsldhuqhqwpa),hsldhuqhqwpa,0,0,0,0,12,2.16
ㅇㅇ(music8972),music8972,0,0,0,0,1,0.18
거지팀,tank6738,0,0,0,0,25,4.5
토론,debate1698,0,0,0,0,15,2.7
ninspk,si2090,0,0,0,0,12,2.16
디디(175.198),175.198,0,0,0,0,2,0.36
그레그애벗,hbqijqp5utds12,0,0,0,0,16,2.88
ㅇㅇ(fool1094),fool1094,0,0,0,0,9,1.62
ㅇㅇ(wish0803),wish0803,0,0,0,0,1,0.18
Movin_On_Me,smile0241,0,0,0,0,2,0.36
ㅇㅇ(level1860),level1860,0,0,0,0,3,0.54
ㅇㅇ(drum2301),drum2301,0,0,0,0,2,0.36
REALISM,cyjjjj22,0,0,0,0,25,4.5
ㅇㅇ(favorite4579),favorite4579,0,0,0,0,1,0.18
탈모사,merry3856,0,0,0,0,1,0.18
현실타협,miner7385,0,0,0,0,8,1.44
oo,marlowe,0,0,0,0,1,0.18
진문,chj4ghj74,0,0,0,0,10,1.8
Laito,laito1poke,0,0,0,0,6,1.08
온건한개혁보수파,eastern9723,0,0,0,0,13,2.34
ㅇㅇ(dozer1),dozer1,0,0,0,0,1,0.18
KIDA,3tpub8f28sbx,0,0,0,0,9,1.62
고양이의쥐단속,pz30j9vhz7a1,0,0,0,0,1,0.18
oo,nhandy,0,0,0,0,1,0.18
ㅇㅇ(lovely9425),lovely9425,0,0,0,0,1,0.18
ㅇㅅㅁ^,certain1542,0,0,0,0,3,0.54
ㅇㅇ(beer2541),beer2541,0,0,0,0,1,0.18
ㅇㅇ(dash6120),dash6120,0,0,0,0,1,0.18
ㅇㅇ(live7928),live7928,0,0,0,0,1,0.18
Dollersheim,female4609,0,0,0,0,2,0.36
Melancholy.,flyingrobottu,0,0,0,0,39,7.02
ㅇㅇ(dhsvn01),dhsvn01,0,0,0,0,7,1.26
ㅇㅇ(lift8113),lift8113,0,0,0,0,3,0.54
INNI,is0702,0,0,0,0,13,2.34
Stellarhazel,bihin0801,0,0,0,0,2,0.36
ultraproduct,ultraproduct,0,0,0,0,22,3.96
토마토개구리,dynamic7755,0,0,0,0,15,2.7
날개불안정비분리철갑탄,apdsfs1109,0,0,0,0,6,1.08
ㅇㅇ(ayt8p68neuoo),ayt8p68neuoo,0,0,0,0,1,0.18
세컨드레이,rei0728,0,0,0,0,29,5.22
ㅇㅇ(ehdtk432),ehdtk432,0,0,0,0,2,0.36
두리앙,dino16,0,0,0,0,6,1.08
쌈요,uuu454546,0,0,0,0,7,1.26
근데(121.174),121.174,0,0,0,0,1,0.18
요하네스페르메이르,yh0976,0,0,0,0,1,0.18
비도프,bdp2732,0,0,0,0,14,2.52
논논병아리,fire4079,0,0,0,0,1,0.18
ss(1.231),1.231,0,0,0,0,1,0.18
망실망실,6are99qqxcq3,0,0,0,0,28,5.04
상납학박사,amaze5805,0,0,0,0,1,0.18
ㅇㅇ(gnoo2411),gnoo2411,0,0,0,0,7,1.26
ㅇㅇ(ts3000),ts3000,0,0,0,0,3,0.54
ㅇㅇ(depend7758),depend7758,0,0,0,0,1,0.18
삿갓협객,younjh,0,0,0,0,4,0.72
ジユ,blue2752,0,0,0,0,2,0.36
ㅇㅇ(wild4849),wild4849,0,0,0,0,1,0.18
anaud,anaud25,0,0,0,0,21,3.78
ZGMF-X20A,calvinkleink,0,0,0,0,43,7.74
응응..,peanut0852,0,0,0,0,19,3.42
ㅇㅇ(cjbvk33),cjbvk33,0,0,0,0,1,0.18
ㅇㅇ(extreme3388),extreme3388,0,0,0,0,3,0.54
히이잉,chlwltn4444,0,0,0,0,31,5.58
ㅇㅇ(actually7715),actually7715,0,0,0,0,2,0.36
ASTR,very0917,0,0,0,0,1,0.18
책에봐라,gildong70,0,0,0,0,1,0.18
나로테,floragato,0,0,0,0,9,1.62
NEOSPIN,variety4382,0,0,0,0,10,1.8
ㅇㅇ(rockmyth),rockmyth,0,0,0,0,4,0.72
deftones,pinkmaggit,0,0,0,0,3,0.54
ㅇㅇ(ecqnphs8fw1r),ecqnphs8fw1r,0,0,0,0,9,1.62
시진핑모니터,heyjoo12,0,0,0,0,3,0.54
m0n,choice3383,0,0,0,0,2,0.36
유밤밤,poverty6336,0,0,0,0,1,0.18
프라이후라이,account3590,0,0,0,0,48,8.64
ㅇㅇ(compare8495),compare8495,0,0,0,0,1,0.18
Sedran,strain0323,0,0,0,0,2,0.36
킹기훈,while7345,0,0,0,0,1,0.18
ㅇㅇ(easily9524),easily9524,0,0,0,0,3,0.54
あ、もう,kong4bin4,0,0,0,0,3,0.54
ㅇㅇ(harm7895),harm7895,0,0,0,0,1,0.18
ㅇㅇㅇ,moral6176,0,0,0,0,11,1.98
ㅇㅇ(lose6733),lose6733,0,0,0,0,4,0.72
케인인TV,blank6055,0,0,0,0,16,2.88
갱생문크,owner7242,0,0,0,0,2,0.36
정치갤용입니다,overlap5111,0,0,0,0,1,0.18
프랑수아트뤼포,shelf8479,0,0,0,0,1,0.18
ㅇㅇ(against2710),against2710,0,0,0,0,2,0.36
ㅇㅇ(poster5503),poster5503,0,0,0,0,1,0.18
ㅇㅇ(stranger1587),stranger1587,0,0,0,0,1,0.18
ㅇㅇ(throw9515),throw9515,0,0,0,0,7,1.26
ㅇㅇ(pass2428),pass2428,0,0,0,0,3,0.54
ㅇㅇ(paper0908),paper0908,0,0,0,0,16,2.88
ㅇㅇ(settle8691),settle8691,0,0,0,0,5,0.9
ㅇㅇ(autumn9027),autumn9027,0,0,0,0,1,0.18
블사미,nuguseon,0,0,0,0,9,1.62
ㅇㅇ(overcome7315),overcome7315,0,0,0,0,4,0.72
똥통,lowsugarrr,0,0,0,0,3,0.54
퓨벤¸,harbor5171,0,0,0,0,1,0.18
ㅇㅇ(user9836),user9836,0,0,0,0,1,0.18
ㅇㅇ(aside6164),aside6164,0,0,0,0,4,0.72
사용불가능한닉네임,q8bgtf08osle,0,0,0,0,6,1.08
ㅇㅇ(leader8897),leader8897,0,0,0,0,4,0.72
갑상선아픔,lsj981203,0,0,0,0,3,0.54
후란,itissmart,0,0,0,0,18,3.24
adsvdvd,sm6156,0,0,0,0,1,0.18
O.O,gazza4486,0,0,0,0,2,0.36
ㅇㅇ(eastrome),eastrome,0,0,0,0,8,1.44
정붕이(61.251),61.251,0,0,0,0,2,0.36
아우스엔,equality1324,0,0,0,0,6,1.08
ㅇㅇ(rhythm4585),rhythm4585,0,0,0,0,1,0.18
ㅇㅇ(others0431),others0431,0,0,0,0,3,0.54
ㅇㅇ(apple2107),apple2107,0,0,0,0,3,0.54
ㅇㅇ(witty1146),witty1146,0,0,0,0,1,0.18
ㅇㅇ(united1596),united1596,0,0,0,0,1,0.18
크로스로즈,wood7519,0,0,0,0,1,0.18
ㅇㅇ(lwpwp),lwpwp,0,0,0,0,1,0.18
ㅇㅇ(chungju02),chungju02,0,0,0,0,1,0.18
철정리,cantorset3,0,0,0,0,3,0.54
민하,shdyddls2003,0,0,0,0,1,0.18
찌릿찌릿_여중생,biribirimikoto14,0,0,0,0,5,0.9
치즈뿌린치킨팝,akdgkf1108,0,0,0,0,2,0.36
무야~홍,banana2692,0,0,0,0,1,0.18
ㅇㅇ(saebogae),saebogae,0,0,0,0,1,0.18
피버플로우,feverflow,0,0,0,0,1,0.18
보라밤,purplenight,0,0,0,0,1,0.18
좆같아서아이디만듬,boston13,0,0,0,0,1,0.18
ㅇㅇ(99park99),99park99,0,0,0,0,1,0.18
ㅇㅇ(ekfdnjf1),ekfdnjf1,0,0,0,0,1,0.18
바른정당,borninseoul,0,0,0,0,1,0.18
윾캔두잇,ggttgg12,0,0,0,0,1,0.18
ㅇㅇ(kyhoom117),kyhoom117,0,0,0,0,1,0.18
명바이_병장,oryeongkwon01,0,0,0,0,2,0.36
윤형동물,rotifer,0,0,0,0,1,0.18
ㅇㅇ(jn07250824),jn07250824,0,0,0,0,1,0.18
성수대교,vase319,0,0,0,0,1,0.18
에그엔젤야야밍,gaius2400,0,0,0,0,1,0.18
strawberrymoon,answodkd7,0,0,0,0,1,0.18
sisiaaa,samkimfan,0,0,0,0,2,0.36
Reagan,spirit617,0,0,0,0,2,0.36
날아라안철수,fryingan,0,0,0,0,1,0.18
DEBIDEN,enmarche,0,0,0,0,2,0.36
슬기여워,02seulgi10,0,0,0,0,2,0.36
아우렐리우스,alsrnr2003,0,0,0,0,1,0.18
게머핑퐁,ppalgaengi,0,0,0,0,2,0.36
공평한파멸,dd333686,0,0,0,0,1,0.18
로짜,rodori0307,0,0,0,0,2,0.36
ながとろ,bringmethehorizon123,0,0,0,0,1,0.18
평화민주당,ppp009,0,0,0,0,1,0.18
유승민안끝났다,nmhnmh,0,0,0,0,1,0.18
으아아아,hwnam02,0,0,0,0,1,0.18
Petboxer,petshopboxer,0,0,0,0,1,0.18
연구원,biolab,0,0,0,0,1,0.18
자연산유우,haharuru,0,0,0,0,1,0.18
ㅇㅇ(qpwoeiruty112233),qpwoeiruty112233,0,0,0,0,1,0.18
Mccullough,alz113,0,0,0,0,1,0.18
ㅇㅇ(csj111),csj111,0,0,0,0,1,0.18
R,2018136000abc,0,0,0,0,1,0.18
컨트리볼,hanyonug12,0,0,0,0,1,0.18
프사기,aaaa900,0,0,0,0,1,0.18
ㅇㅇ(who698),who698,0,0,0,0,1,0.18
귀베,didls961,0,0,0,0,1,0.18
야추참치,freedomfry0924,0,0,0,0,1,0.18
Dhdhdh(39.124),39.124,0,0,0,0,1,0.18
ㄱㄷ(121.151),121.151,0,0,0,0,1,0.18
ㅇㅇ(talk2184),talk2184,0,0,0,0,1,0.18
ㅇㅇ(compel8665),compel8665,0,0,0,0,1,0.18
이재명(59.30),59.30,0,0,0,0,3,0.54
ㅇㅇ(meaning9988),meaning9988,0,0,0,0,1,0.18
ㅇㅇ(aspire1832),aspire1832,0,0,0,0,1,0.18
ㅇㅇ(sprain6255),sprain6255,0,0,0,0,1,0.18
빚투코인(210.104),210.104,0,0,0,0,1,0.18
Iloveyou,assess4273,0,0,0,0,6,1.08
유동(1.211),1.211,0,0,0,0,47,8.46
ㅇㅇ(uiop7),uiop7,0,0,0,0,2,0.36
ㅇㅇ(angelangel1004),angelangel1004,0,0,0,0,2,0.36
JJJ,jkw070,0,0,0,0,6,1.08
JODY,owl0207,0,0,0,0,6,1.08
무적LGV(221.154),221.154,0,0,0,0,1,0.18
소신봇,come5523,0,0,0,0,1,0.18
ㅇㅅㅇ(121.134),121.134,0,0,0,0,5,0.9
ㅇㅇ(timber8128),timber8128,0,0,0,0,2,0.36
ㅇㅇ(sector0326),sector0326,0,0,0,0,3,0.54
ㅇㅇ(deep4165),deep4165,0,0,0,0,3,0.54
ㅇ.ㅇ(112.148),112.148,0,0,0,0,1,0.18
ㅇㅇ(northern3449),northern3449,0,0,0,0,1,0.18
버나디나헤이,emerge7524,0,0,0,0,4,0.72
ㅇㅇ(want4457),want4457,0,0,0,0,2,0.36
ㅇㅇ(property6390),property6390,0,0,0,0,6,1.08
liouv,pork6349,0,0,0,0,3,0.54
야갤.,feelgood03,0,0,0,0,5,0.9
ㅇㅇ(primary2820),primary2820,0,0,0,0,1,0.18
ㅇㅇ(steal4761),steal4761,0,0,0,0,1,0.18
파트리오스,laxanburg123,0,0,0,0,1,0.18
반짝이는전구,trade1583,0,0,0,0,7,1.26
연천전곡,wealth1333,0,0,0,0,49,8.82
ㅇㅇ(chicken3528),chicken3528,0,0,0,0,78,14.04
ㅇㅇ(comfort1568),comfort1568,0,0,0,0,1,0.18
ㅇㅇ(ingria1914),ingria1914,0,0,0,0,1,0.18
ㅇㅇ(wvb5dorahh2u),wvb5dorahh2u,0,0,0,0,1,0.18
베이어다이나믹,borrowman,0,0,0,0,1,0.18
홍준표(59.30),59.30,0,0,0,0,1,0.18
스비레트,hide6840,0,0,0,0,1,0.18
GB,lothric3615,0,0,0,0,2,0.36
ㅊㅊ(125.131),125.131,0,0,0,0,1,0.18
ㅇㅇ(05e1p117qqbd),05e1p117qqbd,0,0,0,0,1,0.18
홍창기,kimnamseok,0,0,0,0,1,0.18
스몰탄트,import6891,0,0,0,0,2,0.36
아닌까부리,facility6861,0,0,0,0,1,0.18
ㅇㅇ(verse2409),verse2409,0,0,0,0,1,0.18
ㅇㅇ(symphony0524),symphony0524,0,0,0,0,4,0.72
ㅇㅇ(drama3686),drama3686,0,0,0,0,1,0.18
ㅇㅇ(zziz2023),zziz2023,0,0,0,0,10,1.8
archi,soon0790,0,0,0,0,9,1.62
ㅇㅇ(absurd1534),absurd1534,0,0,0,0,11,1.98
무임승차?,ccrflrm,0,0,0,0,2,0.36
태영호,ddong688,0,0,0,0,2,0.36
ㅇㅇ(purpose1857),purpose1857,0,0,0,0,1,0.18
ㅇㅇ(mc0220),mc0220,0,0,0,0,1,0.18
ㅇㅇ(p5pfq8fwnnzq),p5pfq8fwnnzq,0,0,0,0,9,1.62
땅후루(221.164),221.164,0,0,0,0,1,0.18
ㅇㅇ(stg141),stg141,0,0,0,0,3,0.54
호날두,forum0929,0,0,0,0,2,0.36
ㅇㅇ(topic7525),topic7525,0,0,0,0,4,0.72
ㅇㅇ(aspire2937),aspire2937,0,0,0,0,27,4.86
ㅇㅇ(alsals0011),alsals0011,0,0,0,0,1,0.18
ㅇㅇ(mouth7362),mouth7362,0,0,0,0,1,0.18
ㅇㅇ(commit3263),commit3263,0,0,0,0,8,1.44
ㅇㅇ(normal9627),normal9627,0,0,0,0,1,0.18
ㅇㅇ(czqck8m8m1cb),czqck8m8m1cb,0,0,0,0,1,0.18
빙쉰,casewwww,0,0,0,0,1,0.18
낭또,kimms99222,0,0,0,0,1,0.18
ㅇㅇ(list4952),list4952,0,0,0,0,1,0.18
영포티모리탐정,steak7791,0,0,0,0,1,0.18
ㅇㅇ(weekk),weekk,0,0,0,0,2,0.36
ㅇㅇ(scqztvt677ue),scqztvt677ue,0,0,0,0,1,0.18
정갤용반고닉,cheap3454,0,0,0,0,1,0.18
ㅇㅇ(between5271),between5271,0,0,0,0,1,0.18
ㅇㅇ(valid2783),valid2783,0,0,0,0,7,1.26
ㅇㅇ(dcdc1478),dcdc1478,0,0,0,0,13,2.34
ㅇㅇ(mock3220),mock3220,0,0,0,0,1,0.18
리분,refine3597,0,0,0,0,1,0.18
ㅇㅇ(nobody3024),nobody3024,0,0,0,0,1,0.18
엘팜,4u45g9826ozj,0,0,0,0,2,0.36
ㅇㅇ(aspect1201),aspect1201,0,0,0,0,2,0.36
ㅇㅇ(blast0890),blast0890,0,0,0,0,2,0.36
ㅇㅇN(106.252),106.252,0,0,0,0,1,0.18
ㅇㅇ(excite0656),excite0656,0,0,0,0,19,3.42
5월이좋아요,soek455,0,0,0,0,6,1.08
ㅇㅇ(task8129),task8129,0,0,0,0,3,0.54
ㅇㅇ(swing5260),swing5260,0,0,0,0,1,0.18
숏다리(115.86),115.86,0,0,0,0,1,0.18
ㅇㅇ(jinsh0401),jinsh0401,0,0,0,0,4,0.72
준갤러(121.179),121.179,0,0,0,0,1,0.18
ㅇㅇ(cheese7944),cheese7944,0,0,0,0,1,0.18
빅쇼트,interest5454,0,0,0,0,1,0.18
ㅇㅇ(smkang0625),smkang0625,0,0,0,0,1,0.18
s&amp;p,dart8913,0,0,0,0,5,0.9
꽃보다유진이,fhjj23,0,0,0,0,2,0.36
ㅇㅇ(facility6222),facility6222,0,0,0,0,1,0.18
유우사랑단,scandal3236,0,0,0,0,7,1.26
ㅇㅇ(shuitenko),shuitenko,0,0,0,0,24,4.32
ㅇㅇ(mrpoliti11),mrpoliti11,0,0,0,0,5,0.9
김뽁형,rice0006,0,0,0,0,1,0.18
대깨세,decade4568,0,0,0,0,2,0.36
ㅇㅇ(expose2686),expose2686,0,0,0,0,1,0.18
7‰못해서,roof8449,0,0,0,0,2,0.36
ㅇㅇ(buntangchun),buntangchun,0,0,0,0,2,0.36
ㅇㅇ(point6173),point6173,0,0,0,0,1,0.18
숲버갤러(175.198),175.198,0,0,0,0,1,0.18
ㅇㅇ(weaken6092),weaken6092,0,0,0,0,1,0.18
ㄹㄴㄻㄴㅇ(211.206),211.206,0,0,0,0,1,0.18
ㅇㅇ(care7274),care7274,0,0,0,0,1,0.18
ㅇㅇ(client3770),client3770,0,0,0,0,1,0.18
ㅇㅇ(helmet2292),helmet2292,0,0,0,0,1,0.18
담권파,cartographer,0,0,0,0,1,0.18
고닠,codeeasy,0,0,0,0,1,0.18
ㅇㅇ(gesture5038),gesture5038,0,0,0,0,1,0.18
ㅇㅇ(grgrgrgrgr1),grgrgrgrgr1,0,0,0,0,1,0.18
클라리몽드,clarimonde,0,0,0,0,1,0.18
ㅇㅇ(bmwbmw123),bmwbmw123,0,0,0,0,3,0.54
ㅇㅇ(swan4347),swan4347,0,0,0,0,1,0.18
중도정치갤러(121.145),121.145,0,0,0,0,2,0.36
ㅍㄹㅎ,khr2p81,0,0,0,0,1,0.18
알텍,criteria0616,0,0,0,0,1,0.18
ㅇㅇ(gwangya233go),gwangya233go,0,0,0,0,1,0.18
australorp,blackchicken734,0,0,0,0,1,0.18
고깃집공깃밥만먹고이쑤시개쓸어가는조강현,kitchen8472,0,0,0,0,1,0.18
ㅇㅇ(sale5761),sale5761,0,0,0,0,1,0.18
ㅇㅇ(dryer8431),dryer8431,0,0,0,0,1,0.18
유지아이,wood9161,0,0,0,0,1,0.18
싱싱싱싱,remedy9227,0,0,0,0,5,0.9
ㅇㅇ(identify9413),identify9413,0,0,0,0,1,0.18
Reilly,getoutofyourlazybed,0,0,0,0,3,0.54
ㅇㅇ(assanoraebang),assanoraebang,0,0,0,0,1,0.18
비전강타,mechanic7499,0,0,0,0,1,0.18
ㅇㅇ(funny8966),funny8966,0,0,0,0,2,0.36
ㅇㅇ(sleeping1060),sleeping1060,0,0,0,0,1,0.18
ㅇㅇ(mild0631),mild0631,0,0,0,0,1,0.18
서리별FN,kyj7897,0,0,0,0,2,0.36
육봉메시,salty0118,0,0,0,0,3,0.54
ㅇㅇ(finally2858),finally2858,0,0,0,0,4,0.72
솔송나무_,itself3645,0,0,0,0,3,0.54
ㅇㅇ(bride5854),bride5854,0,0,0,0,1,0.18
ㅇㅇ(abundant9917),abundant9917,0,0,0,0,1,0.18
옹송망송,korean2417a,0,0,0,0,5,0.9
헤응,interact0448,0,0,0,0,1,0.18
Jade(58.225),58.225,0,0,0,0,1,0.18
libet,sympathy7580,0,0,0,0,1,0.18
ㅇㅇ(average6006),average6006,0,0,0,0,1,0.18
누에모(182.220),182.220,0,0,0,0,3,0.54
ㅇㅇ(blow3807),blow3807,0,0,0,0,2,0.36
ㅁㄴㅇ(125.132),125.132,0,0,0,0,1,0.18
리임,personal5277,0,0,0,0,4,0.72
ㅇㅇ(tongue7366),tongue7366,0,0,0,0,2,0.36
ㅇㅇ(fork2391),fork2391,0,0,0,0,1,0.18
Oo(116.37),116.37,0,0,0,0,1,0.18
ㅇㅇ(difhai4862),difhai4862,0,0,0,0,5,0.9
K_ZE,like3732,0,0,0,0,1,0.18
ㅇㅇ(polite8491),polite8491,0,0,0,0,1,0.18
카리스마겁나큰자라,coconut0385,0,0,0,0,6,1.08
에반데용,alien5877,0,0,0,0,2,0.36
여순광(125.183),125.183,0,0,0,0,1,0.18
ㅓㅀ(116.32),116.32,0,0,0,0,1,0.18
ㅇㅇ(nice0339),nice0339,0,0,0,0,1,0.18
ㅇㅇ(dear1295),dear1295,0,0,0,0,1,0.18
허ㅓㅗㅛㅗ(221.168),221.168,0,0,0,0,2,0.36
SnakeBoy™,into1574,0,0,0,0,1,0.18
ㅇㅇ(wheel9301),wheel9301,0,0,0,0,1,0.18
ㅇㅇ(pillow9400),pillow9400,0,0,0,0,1,0.18
ㅇㅇ(horn0103),horn0103,0,0,0,0,2,0.36
ㅇㅇ(politics6515),politics6515,0,0,0,0,1,0.18
hjfj(116.32),116.32,0,0,0,0,1,0.18
ㅇㅇ(timber9241),timber9241,0,0,0,0,1,0.18
키타박사님,domain2034,0,0,0,0,121,21.78
ㅇㅇ(pain3577),pain3577,0,0,0,0,1,0.18
ㅇㅌㅌ(211.216),211.216,0,0,0,0,1,0.18
내닉따라하지마로준생(58.29),58.29,0,0,0,0,3,0.54
통붕이(222.97),222.97,0,0,0,0,3,0.54
캉,golf3925,0,0,0,0,2,0.36
일월성신,kaiserreich1234,0,0,0,0,5,0.9
ㅇㅇㅇㅇㅇㅇ(183.99),183.99,0,0,0,0,1,0.18
ㅇㅇ(high6100),high6100,0,0,0,0,1,0.18
ㅇㅇ(contend3380),contend3380,0,0,0,0,1,0.18
reject,artistic3010,0,0,0,0,1,0.18
ㅇㅇ(rescue8276),rescue8276,0,0,0,0,1,0.18
어게인윤석열(175.120),175.120,0,0,0,0,2,0.36
Liberty,heritage1728,0,0,0,0,1,0.18
forget,talk3823,0,0,0,0,1,0.18
ㅇㅇ(choice9566),choice9566,0,0,0,0,2,0.36
마크울프,gjfkal3,0,0,0,0,1,0.18
ㅇㅇ(natane),natane,0,0,0,0,1,0.18
Buonaparte,reiudon,0,0,0,0,1,0.18
ㅇㅇ(clause4733),clause4733,0,0,0,0,1,0.18
ㅇㅇ(strike7182),strike7182,0,0,0,0,2,0.36
ㅇㅇ(condemn3986),condemn3986,0,0,0,0,1,0.18
ㅇㅇ(around9593),around9593,0,0,0,0,1,0.18
ㄴㄴ(1.253),1.253,0,0,0,0,5,0.9
ㅇㅇ(cement1871),cement1871,0,0,0,0,1,0.18
학사70기SS,hyeongwon0895,0,0,0,0,1,0.18
화이트홀,damp1699,0,0,0,0,1,0.18
ㅇㅇ(jmkim0319),jmkim0319,0,0,0,0,1,0.18
난넣고넌낳고,zxc999zxc,0,0,0,0,2,0.36
동탄맘키타,primary8546,0,0,0,0,1,0.18
개혁신당만세(116.127),116.127,0,0,0,0,1,0.18
자이스토리,epolean,0,0,0,0,1,0.18
ㅇㅇ(growth4520),growth4520,0,0,0,0,1,0.18
ㅇㅇ(council1446),council1446,0,0,0,0,1,0.18
ㅇㅇ(explore3607),explore3607,0,0,0,0,1,0.18
보수인나(1.228),1.228,0,0,0,0,1,0.18
ㅇㅇ(s9d2ngqe7kc4),s9d2ngqe7kc4,0,0,0,0,2,0.36
ㅇㅇ(recipe0078),recipe0078,0,0,0,0,1,0.18
ㅇㅇ(cold7262),cold7262,0,0,0,0,2,0.36
디비자,krufpz,0,0,0,0,1,0.18
ycosx,concerto8265,0,0,0,0,3,0.54
기름은역시GS,bel2000,0,0,0,0,3,0.54
난해,bomb10,0,0,0,0,1,0.18
ㅇㅇ(bulnam),bulnam,0,0,0,0,1,0.18
수보로프,korea7558,0,0,0,0,1,0.18
ㅇㅇ(painting3016),painting3016,0,0,0,0,1,0.18
안고맙슘봐,speaker7545,0,0,0,0,3,0.54
아르헨티나맥주,killakill123,0,0,0,0,3,0.54
비와서,choir1958,0,0,0,0,2,0.36
ㅇㅇ(double2887),double2887,0,0,0,0,1,0.18
ㅇㅇ(gmlckd366),gmlckd366,0,0,0,0,1,0.18
ㅍㄹㅈ,yeolkeut,0,0,0,0,1,0.18
국민역량,tph99052,0,0,0,0,1,0.18
ㅇㅇ(hkd23),hkd23,0,0,0,0,1,0.18
Freedo,logic112,0,0,0,0,1,0.18
ㄱㅇ(211.246),211.246,0,0,0,0,2,0.36
5군단,armchair8447,0,0,0,0,4,0.72
ㅇㅇ(pimple5047),pimple5047,0,0,0,0,1,0.18
ㅇㅇ(hand6508),hand6508,0,0,0,0,2,0.36
ㅇㅇ(svsvsv1),svsvsv1,0,0,0,0,2,0.36
???,gundam20001,0,0,0,0,5,0.9
ㅇㅇ(glove9920),glove9920,0,0,0,0,1,0.18
애미디진개죶센나이(39.7),39.7,0,0,0,0,8,1.44
호기심위키러,textnet20220307,0,0,0,0,2,0.36
ㅇㅇ(bank3871),bank3871,0,0,0,0,1,0.18
ㅇㅇ(utensil2725),utensil2725,0,0,0,0,1,0.18
ㅇㅇ(activity5586),activity5586,0,0,0,0,1,0.18
ㅇㅇ(awesome7562),awesome7562,0,0,0,0,1,0.18
Iiiiiiiilliiiiilli,haan6965,0,0,0,0,5,0.9
깃깃,some2522,0,0,0,0,1,0.18
ㅇㅇ(preserve1392),preserve1392,0,0,0,0,11,1.98
소율,premium5928,0,0,0,0,1,0.18
ㅇㅇ(tempt5296),tempt5296,0,0,0,0,1,0.18
ㅇㅇ(without8880),without8880,0,0,0,0,2,0.36
ㅎㄷㅎㄷ(221.166),221.166,0,0,0,0,1,0.18
ㅇㅇ(bark9666),bark9666,0,0,0,0,2,0.36
문크_예거,simang95,0,0,0,0,4,0.72
ㅇㅇ(burnt0069),burnt0069,0,0,0,0,1,0.18
ㅇㅇ(bybhxhtqy35m),bybhxhtqy35m,0,0,0,0,2,0.36
서울중립,elderly7316,0,0,0,0,1,0.18
ㅇㅇ(survey9767),survey9767,0,0,0,0,2,0.36
ㅇㅇ(detect7024),detect7024,0,0,0,0,1,0.18
블랙페퍼,vonthoma,0,0,0,0,1,0.18
Pappytu,googledgdhsh1,0,0,0,0,1,0.18
ㅇㅇ(document4930),document4930,0,0,0,0,1,0.18
파스케스,flaoske1905,0,0,0,0,1,0.18
동그라미,lose7686,0,0,0,0,1,0.18
보리스존슨,1abehn9jfhuw,0,0,0,0,2,0.36
대상혁(122.40),122.40,0,0,0,0,1,0.18
ㅇㅇ(face3071),face3071,0,0,0,0,1,0.18
ㅇㅇ(hose9528),hose9528,0,0,0,0,2,0.36
막쥔손금,joheewon28,0,0,0,0,1,0.18
ㅇㅇ(basketballjs),basketballjs,0,0,0,0,2,0.36
ㅇㅇ(anywhere6615),anywhere6615,0,0,0,0,5,0.9
ㅇㅇ(casual1868),casual1868,0,0,0,0,1,0.18
나그네(210.94),210.94,0,0,0,0,1,0.18
ㅇㅇ(gleldzmf),gleldzmf,0,0,0,0,1,0.18
Boss,degrade3078,0,0,0,0,4,0.72
Bella(211.226),211.226,0,0,0,0,2,0.36
마오쩌둥,boot2002,0,0,0,0,1,0.18
Joe.Biden,pianist5238,0,0,0,0,3,0.54
ㅇㅇ(journal5487),journal5487,0,0,0,0,1,0.18
개붕(61.102),61.102,0,0,0,0,1,0.18
Shalaka,smchoi0916,0,0,0,0,1,0.18
병신 꺼져라(119.196),119.196,0,0,0,0,1,0.18
ㅇㅇ(wireless6381),wireless6381,0,0,0,0,2,0.36
ㅇㅇ(eldest8090),eldest8090,0,0,0,0,1,0.18
yk(119.207),119.207,0,0,0,0,1,0.18
그체,wipe0977,0,0,0,0,1,0.18
ㅇㅇ(actor1174),actor1174,0,0,0,0,1,0.18
2ㄷ,sperm2nd,0,0,0,0,2,0.36
까막,glawl7218,0,0,0,0,1,0.18
メイヘム,chew6283,0,0,0,0,7,1.26
ㅇㅇ(cope4214),cope4214,0,0,0,0,1,0.18
tasnack,gjy07,0,0,0,0,1,0.18
돼지국밥,field1696,0,0,0,0,1,0.18
lifaren,lifaren,0,0,0,0,1,0.18
새붕이❤️(211.62),211.62,0,0,0,0,3,0.54
ㅇㅇ(lhlh18),lhlh18,0,0,0,0,1,0.18
ㅇㅇ(lds0423),lds0423,0,0,0,0,1,0.18
ㅇㅇ(daytime2849),daytime2849,0,0,0,0,2,0.36
한우연인팩,chromax,0,0,0,0,4,0.72
리체일발,violent0356,0,0,0,0,2,0.36
ㅇㅇ(rain8603),rain8603,0,0,0,0,2,0.36
피그(218.155),218.155,0,0,0,0,1,0.18
ㅇㅇ(enhance0550),enhance0550,0,0,0,0,1,0.18
ㅇㅇ(asset3160),asset3160,0,0,0,0,4,0.72
소백산(1.251),1.251,0,0,0,0,1,0.18
ㅇㅇ(combat2768),combat2768,0,0,0,0,1,0.18
군가산점,2p2a9,0,0,0,0,1,0.18
ㅇㅇ(reason5632),reason5632,0,0,0,0,2,0.36
ㅇㅇ(wide5774),wide5774,0,0,0,0,2,0.36
치키노사우르스(115.138),115.138,0,0,0,0,2,0.36
ㅇㅇ(currency4027),currency4027,0,0,0,0,3,0.54
ㅡㅡ(223.39),223.39,0,0,0,0,1,0.18
ㅇㅇ(road8695),road8695,0,0,0,0,1,0.18
ㅇㅇ(thorough5458),thorough5458,0,0,0,0,7,1.26
슨일,ofscotland,0,0,0,0,1,0.18
02년생정시준비,sky72sky,0,0,0,0,1,0.18
ㅇㅇ(peach9050),peach9050,0,0,0,0,3,0.54
ㅇㅇ(suit4006),suit4006,0,0,0,0,1,0.18
타뇨,humor7587,0,0,0,0,1,0.18
ㅇㅇ(kknd120),kknd120,0,0,0,0,1,0.18
ㅋㅋㅋ(112.148),112.148,0,0,0,0,4,0.72
TD,tandeom97,0,0,0,0,1,0.18
ㅇㅇ(finally9891),finally9891,0,0,0,0,2,0.36
ㅇㅇ(item2913),item2913,0,0,0,0,1,0.18
므ㅓ,unit4176,0,0,0,0,2,0.36
교통학개론,juhoney2002,0,0,0,0,2,0.36
ㅇㅇ(windmill0490),windmill0490,0,0,0,0,1,0.18
리쿠하치마_아루,samyeopchung,0,0,0,0,1,0.18
ㅇㅇ(employ9382),employ9382,0,0,0,0,1,0.18
ㅇㅇ(usually8511),usually8511,0,0,0,0,1,0.18
부엉이(121.163),121.163,0,0,0,0,1,0.18
미화원,assume9999,0,0,0,0,1,0.18
ㅇㅇ(pnq8ljtr2u54),pnq8ljtr2u54,0,0,0,0,1,0.18
"Dear,",steak1001,0,0,0,0,8,1.44
촉촉이,brief6791,0,0,0,0,1,0.18
ㅇㅇ(angry2151),angry2151,0,0,0,0,1,0.18
G(14.7),14.7,0,0,0,0,36,6.48
이상혁,bnbn57,0,0,0,0,1,0.18
ㅇㅇ(jshfuco1234),jshfuco1234,0,0,0,0,35,6.3
ㅇㅇ(period9858),period9858,0,0,0,0,1,0.18
메시는축신(14.43),14.43,0,0,0,0,1,0.18
ㅇㅇ(myth7183),myth7183,0,0,0,0,1,0.18
csr,lovely0865,0,0,0,0,6,1.08
ㅇㅇ(dedicate2725),dedicate2725,0,0,0,0,1,0.18
ㅇㅇ(syrianada),syrianada,0,0,0,0,2,0.36
아소다로(61.36),61.36,0,0,0,0,1,0.18
유레이,against8676,0,0,0,0,1,0.18
안락삶,lizwpbzwztbg,0,0,0,0,1,0.18
ㅇㅇ(come2243),come2243,0,0,0,0,3,0.54
이바타이노우에,classify5992,0,0,0,0,1,0.18
ㅇㅇ(proverb2284),proverb2284,0,0,0,0,1,0.18
원투.,wontu12,0,0,0,0,2,0.36
ㅇㅇ(diamond5280),diamond5280,0,0,0,0,6,1.08
ㅛㅡ(118.44),118.44,0,0,0,0,1,0.18
찬우사랑,confuse0127,0,0,0,0,1,0.18
AmericaFirster,citrus8762,0,0,0,0,3,0.54
ㅇㅇ(sports6346),sports6346,0,0,0,0,3,0.54
ㅇㅇ(shock9267),shock9267,0,0,0,0,1,0.18
ㅇㅇ(fereshteh),fereshteh,0,0,0,0,2,0.36
ㅇㅇ(grass2921),grass2921,0,0,0,0,12,2.16
ㅇㅇ(province7245),province7245,0,0,0,0,1,0.18
독고.,jyj301203,0,0,0,0,1,0.18
우유유,zwbtrudiwplb,0,0,0,0,1,0.18
킁킁합니다,3yvgwqtei6a4,0,0,0,0,1,0.18
ㅇㅇ(evident6683),evident6683,0,0,0,0,1,0.18
오구구,fancy6465,0,0,0,0,4,0.72
ㅇㅇ(holy3665),holy3665,0,0,0,0,2,0.36
으아,latorder0812,0,0,0,0,2,0.36
T.O.Z.,unjust21,0,0,0,0,2,0.36
초율,dosomething51,0,0,0,0,1,0.18
"국힘당대표역사상최고GOAT,대준석",qmy9z5mq77vz,0,0,0,0,1,0.18
왕소,jang206302,0,0,0,0,1,0.18
원희룡,shinhwan,0,0,0,0,2,0.36
Tk,rrym66uz33et,0,0,0,0,1,0.18
부산상경,cr8158,0,0,0,0,1,0.18
칼로니,dkzkffll,0,0,0,0,1,0.18
닐네,iij0502,0,0,0,0,1,0.18
치하야후류,franticqueso,0,0,0,0,1,0.18
김지수약혼남,metabolismkdj,0,0,0,0,1,0.18
Chizru,tommy0107,0,0,0,0,1,0.18
짜근엄마,7koihefz2yh5,0,0,0,0,1,0.18
개보흥하자,orochi369,0,0,0,0,2,0.36
Mamiz,jhoh0401,0,0,0,0,5,0.9
봄소희럽,quickssoheelove,0,0,0,0,2,0.36
거린이거린이,tungie,0,0,0,0,1,0.18
브링어,11111oseneieh,0,0,0,0,1,0.18
서울시장오세훈,ohsehoon0824,0,0,0,0,3,0.54
음모론,hakureimaru,0,0,0,0,1,0.18
PARKS,gwon21,0,0,0,0,2,0.36
Pardus,jonathanm4072,0,0,0,0,1,0.18
Sibyl,marinecount,0,0,0,0,1,0.18
Dodekanisa,leefdkell451,0,0,0,0,2,0.36
Neocon,nokia15,0,0,0,0,1,0.18
ㅇㅇㅇ,frozen245,0,0,0,0,1,0.18
모카모카,jason38317,0,0,0,0,1,0.18
조셉바이든,the5thspirit,0,0,0,0,1,0.18
delispice,chowchow123,0,0,0,0,1,0.18
노가아니라누입니다,khj3709,0,0,0,0,1,0.18
배카,trustbaehyeonjin,0,0,0,0,1,0.18
조대가자,evergreenish,0,0,0,0,1,0.18
사드쿤,sofd22,0,0,0,0,2,0.36
아이피충,kimmungji,0,0,0,0,1,0.18
윾동닉박멸,chlgustn0924,0,0,0,0,1,0.18
신민당,anjdltlqkfdk,0,0,0,0,1,0.18
정치갤러리용닉,idfordemocracy,0,0,0,0,1,0.18
AbuFadi(128.134),128.134,0,0,0,0,1,0.18
돡붕이임,sweep3863,0,0,0,0,1,0.18
ㅇㅇ(asadaf22),asadaf22,0,0,0,0,1,0.18
ㅇㅇ(flaw9316),flaw9316,0,0,0,0,1,0.18
ㅇㅇ(felt9802),felt9802,0,0,0,0,1,0.18
로터스쿠키,bride7177,0,0,0,0,4,0.72
Missingyou,polite5988,0,0,0,0,3,0.54
ㄻㄻㄻㄹ,female9397,0,0,0,0,4,0.72
국사,random2306,0,0,0,0,1,0.18
ㅇㅅㅇ;;;,minor4677,0,0,0,0,1,0.18
ㅇㅇ(rainbow3220),rainbow3220,0,0,0,0,1,0.18
ㅇㅇ(sticky3884),sticky3884,0,0,0,0,4,0.72
iris,guess6835,0,0,0,0,1,0.18
ㅇㅇ(born4042),born4042,0,0,0,0,1,0.18
앨리스,imymiya,0,0,0,0,1,0.18
kickback,national6782,0,0,0,0,1,0.18
가톨릭,throne5560,0,0,0,0,1,0.18
사천짜파게티,jooyjoon9292,0,0,0,0,1,0.18
ㅇㅇ(despite1468),despite1468,0,0,0,0,5,0.9
ㅇㅇ(emphasis2969),emphasis2969,0,0,0,0,2,0.36
IlIlIIIllI,shared8803,0,0,0,0,3,0.54
Jeen-Yuhs,nrgu1000,0,0,0,0,2,0.36
TirailleursCorses,jinho96,0,0,0,0,2,0.36
ㅇㅇ(apgujeong6168),apgujeong6168,0,0,0,0,1,0.18
ㄷㄷ(222.118),222.118,0,0,0,0,1,0.18
ㅇㅇ(airforce84x),airforce84x,0,0,0,0,1,0.18
ㅇㅇ(warn7543),warn7543,0,0,0,0,1,0.18
민주계엄령,coach5110,0,0,0,0,1,0.18
ㅇㅇ(gentle7519),gentle7519,0,0,0,0,1,0.18
뭇붕이,scdw3565,0,0,0,0,1,0.18
ㅇㅇ(branch0828),branch0828,0,0,0,0,1,0.18
ㅇㅇ(winter4857),winter4857,0,0,0,0,1,0.18
OeBoong,protein3113,0,0,0,0,2,0.36
ㅇㅇ(voter7390),voter7390,0,0,0,0,1,0.18
ㅇㅇ(weird9628),weird9628,0,0,0,0,1,0.18
ChrisPaul,youshouldbesad,0,0,0,0,3,0.54
ㅇㅇ(cape3970),cape3970,0,0,0,0,8,1.44
ㅇㅇ(thankful2956),thankful2956,0,0,0,0,1,0.18
ㅇㅇ(ever8175),ever8175,0,0,0,0,1,0.18
정갤용,creek0064,0,0,0,0,1,0.18
ㅇㅇ(battery0695),battery0695,0,0,0,0,1,0.18
테무(14.7),14.7,0,0,0,0,3,0.54
ㅇㅇ(conflict4243),conflict4243,0,0,0,0,2,0.36
인피니티준스톤,shape8490,0,0,0,0,1,0.18
ㅇㅇ(strap6970),strap6970,0,0,0,0,1,0.18
ㅇㅇ(imperial9823),imperial9823,0,0,0,0,2,0.36
ㅇ ㅇ (118.38),118.38,0,0,0,0,1,0.18
allrightsreserved,cage8653,0,0,0,0,23,4.14
리틀피플,explain9858,0,0,0,0,1,0.18
초이준(59.23),59.23,0,0,0,0,1,0.18
ㅇㅇ(meet7623),meet7623,0,0,0,0,1,0.18
ㅇㅇ(drqp75j1xae1),drqp75j1xae1,0,0,0,0,1,0.18
ㅇㅇ(united5853),united5853,0,0,0,0,1,0.18
한동훈사랑해(1.246),1.246,0,0,0,0,1,0.18
ㅇㅇ(someday3856),someday3856,0,0,0,0,2,0.36
축신두(121.147),121.147,0,0,0,0,1,0.18
ㅇㅇ(peace2745),peace2745,0,0,0,0,1,0.18
소라카검은돌투자,inventor3236,0,0,0,0,24,4.32
ㅇㅇ(hiking9575),hiking9575,0,0,0,0,8,1.44
Borsig,worldoftanks1,0,0,0,0,2,0.36
네덜란드,variety7472,0,0,0,0,1,0.18
상식적보수,skim201,0,0,0,0,1,0.18
abcd,happily1351,0,0,0,0,6,1.08
필봉산비둘기,onlyluigi,0,0,0,0,1,0.18
허허(211.252),211.252,0,0,0,0,1,0.18
ㅇㅇ(ashamed4254),ashamed4254,0,0,0,0,5,0.9
ㅇㅇ(rmsdn2k),rmsdn2k,0,0,0,0,1,0.18
ㅇㅇ(bullet0124),bullet0124,0,0,0,0,1,0.18
노바킨,paracodee,0,0,0,0,5,0.9
KDI유승민,dodama1369,0,0,0,0,1,0.18
ㅇㅇ(sneakers7941),sneakers7941,0,0,0,0,1,0.18
ㅇㅇ(steady4387),steady4387,0,0,0,0,5,0.9
FriedrichMarx,confused4928,0,0,0,0,1,0.18
ㅇㅇ(should0233),should0233,0,0,0,0,4,0.72
칰촉,gene4095,0,0,0,0,2,0.36
ㅇㅇ(venetya),venetya,0,0,0,0,2,0.36
ㅇㅇ(everyone4463),everyone4463,0,0,0,0,2,0.36
ㄹㄹ(1.240),1.240,0,0,0,0,1,0.18
삼(136.52),136.52,0,0,0,0,1,0.18
ㅇㅇ(lift2279),lift2279,0,0,0,0,1,0.18
ㅇㅇ(curious7074),curious7074,0,0,0,0,2,0.36
ㅇㅇ(inject0472),inject0472,0,0,0,0,3,0.54
아베신조(221.148),221.148,0,0,0,0,1,0.18
ㅇㅇ(surface0172),surface0172,0,0,0,0,1,0.18
ㅇㅇ(wisdom1909),wisdom1909,0,0,0,0,2,0.36
ㅇㅇ(mons4444),mons4444,0,0,0,0,1,0.18
고이즈미신지로,every6944,0,0,0,0,3,0.54
ㅇㅇ(suttercane1994),suttercane1994,0,0,0,0,1,0.18
류(58.29),58.29,0,0,0,0,1,0.18
ㅇㅇ(charity6351),charity6351,0,0,0,0,2,0.36
ㅇㅇ(latter0285),latter0285,0,0,0,0,1,0.18
윤두창즉사기원,truly8943,0,0,0,0,3,0.54
ㅇㅇ(aaaapo0987),aaaapo0987,0,0,0,0,4,0.72
ㅇㅇ(destress7220),destress7220,0,0,0,0,1,0.18
ㅇㅇ(nemomone),nemomone,0,0,0,0,2,0.36
ㅇㅇ(help3360),help3360,0,0,0,0,3,0.54
ㅇㅇ(embassy6027),embassy6027,0,0,0,0,3,0.54
방공호용고닉,moral5025,0,0,0,0,1,0.18
사브영업팀,usedoav,0,0,0,0,1,0.18
ㅇㅇ(zlrofdyd5963),zlrofdyd5963,0,0,0,0,1,0.18
GΚ,ji1080,0,0,0,0,1,0.18
코드치기싫어요,40xkgjouellb,0,0,0,0,1,0.18
drawing,3qh9arz7o886,0,0,0,0,2,0.36
닷넷좋아함,dotnetlove2,0,0,0,0,1,0.18
Laur,iapink0421,0,0,0,0,1,0.18
빈틈,kalister,0,0,0,0,1,0.18
ㅇㅇ(bbhs126),bbhs126,0,0,0,0,1,0.18
ㅇㅇ(dmd9dp6w81lj),dmd9dp6w81lj,0,0,0,0,1,0.18
냉소농도측정기,fair5486,0,0,0,0,1,0.18
ㅎㅇ(125.189),125.189,0,0,0,0,1,0.18
ㅇㅇ(enforce4711),enforce4711,0,0,0,0,2,0.36
꺼져(121.163),121.163,0,0,0,0,1,0.18
ㅇㅇ(action0469),action0469,0,0,0,0,1,0.18
션(210.123),210.123,0,0,0,0,1,0.18
ㅇㅇ(ready5020),ready5020,0,0,0,0,1,0.18
케이준,bokgui,0,0,0,0,1,0.18
ㅇㅇ(draft1901),draft1901,0,0,0,0,1,0.18
ㅇㅇ(rvkciadkj8h3),rvkciadkj8h3,0,0,0,0,1,0.18
ㅇㅇ(worried5469),worried5469,0,0,0,0,1,0.18
ㅇㅇ(flour6456),flour6456,0,0,0,0,1,0.18
고든존슨,0p9o8i7u4r3e2w1q,0,0,0,0,5,0.9
찢가리(124.51),124.51,0,0,0,0,1,0.18
ㅇㅇ(however6474),however6474,0,0,0,0,2,0.36
ㅇㅇ(handicap6833),handicap6833,0,0,0,0,2,0.36
크리스피플로로도넛,hill9595,0,0,0,0,1,0.18
명청대전,ancient1542,0,0,0,0,1,0.18
ㅇㅇ(toronto575),toronto575,0,0,0,0,2,0.36
바르니(112.159),112.159,0,0,0,0,1,0.18
ㅇㅇ(likely3981),likely3981,0,0,0,0,2,0.36
빠바바(180.230),180.230,0,0,0,0,1,0.18
종경(121.139),121.139,0,0,0,0,1,0.18
ㅇㅇ(mine045),mine045,0,0,0,0,2,0.36
ㅇㅇ(desk3122),desk3122,0,0,0,0,1,0.18
ㅇㅇ(pupil9655),pupil9655,0,0,0,0,1,0.18
ㅇㅇ(ceremony3957),ceremony3957,0,0,0,0,1,0.18
ㅇㅇ(commit2074),commit2074,0,0,0,0,1,0.18
ㅇㅇ(offer9631),offer9631,0,0,0,0,2,0.36
ㅇㅇ(delicate2698),delicate2698,0,0,0,0,2,0.36
ㅇㅇ(hiking0328),hiking0328,0,0,0,0,1,0.18
ㅇㅇ(weather8458),weather8458,0,0,0,0,1,0.18
ㅇㅇ(ls2230),ls2230,0,0,0,0,1,0.18
리오라(Liora),shift1539,0,0,0,0,1,0.18
명청조삼국지,element3161,0,0,0,0,1,0.18
ㅇㅇ(fluid1213),fluid1213,0,0,0,0,1,0.18
어린어른,scale5584,0,0,0,0,2,0.36
마계산다(220.87),220.87,0,0,0,0,1,0.18
ㅇㅇ(ideology0684),ideology0684,0,0,0,0,1,0.18
ㅇㅇ(qnduddn),qnduddn,0,0,0,0,1,0.18
원희룡,waste1,0,0,0,0,1,0.18
ㅇㅇ(happen3339),happen3339,0,0,0,0,1,0.18
